id,creation_time,property1,property2,property3,property4,property5,failed,time_of_death,type,participant_id,number,question,response
1,2016-11-19 01:07:27.894382,,,,,,f,,question,1,1,fillerans1,1
2,2016-11-19 01:07:28.004723,,,,,,f,,question,1,2,fillerans2,2
3,2016-11-19 01:07:28.112474,,,,,,f,,question,1,3,fillerans3,3
4,2016-11-19 01:07:28.18902,,,,,,f,,question,2,1,fillerans1,11
5,2016-11-19 01:07:28.221459,,,,,,f,,question,1,4,fillerans4,4
6,2016-11-19 01:07:28.298737,,,,,,f,,question,2,2,fillerans2,12
7,2016-11-19 01:07:28.333791,,,,,,f,,question,1,5,fillerans5,5
8,2016-11-19 01:07:28.408608,,,,,,f,,question,2,3,fillerans3,13
9,2016-11-19 01:07:28.446187,,,,,,f,,question,1,6,fillerans6,6
10,2016-11-19 01:07:28.509286,,,,,,f,,question,2,4,fillerans4,14
11,2016-11-19 01:07:28.55844,,,,,,f,,question,1,7,fillerans7,""
12,2016-11-19 01:07:28.612676,,,,,,f,,question,2,5,fillerans5,15
13,2016-11-19 01:07:28.66436,,,,,,f,,question,1,8,fillerans8,""
14,2016-11-19 01:07:28.712827,,,,,,f,,question,2,6,fillerans6,16
15,2016-11-19 01:07:28.773152,,,,,,f,,question,1,9,fillerans9,""
16,2016-11-19 01:07:28.841236,,,,,,f,,question,2,7,fillerans7,""
17,2016-11-19 01:07:28.879706,,,,,,f,,question,1,10,fillerans10,""
18,2016-11-19 01:07:28.944187,,,,,,f,,question,2,8,fillerans8,""
19,2016-11-19 01:07:28.992856,,,,,,f,,question,1,11,"",""
20,2016-11-19 01:07:29.049025,,,,,,f,,question,2,9,fillerans9,""
21,2016-11-19 01:07:29.097196,,,,,,f,,question,1,12,"",""
22,2016-11-19 01:07:29.158299,,,,,,f,,question,2,10,fillerans10,""
23,2016-11-19 01:07:29.209706,,,,,,f,,question,1,13,"",""
24,2016-11-19 01:07:29.260352,,,,,,f,,question,2,11,"",""
25,2016-11-19 01:07:29.313957,,,,,,f,,question,1,14,"",""
26,2016-11-19 01:07:29.366109,,,,,,f,,question,2,12,"",""
27,2016-11-19 01:07:29.429206,,,,,,f,,question,1,15,"",""
28,2016-11-19 01:07:29.468406,,,,,,f,,question,2,13,"",""
29,2016-11-19 01:07:29.540356,,,,,,f,,question,1,16,"",""
30,2016-11-19 01:07:29.575808,,,,,,f,,question,2,14,"",""
31,2016-11-19 01:07:29.672859,,,,,,f,,question,1,17,"",""
32,2016-11-19 01:07:29.686218,,,,,,f,,question,2,15,"",""
33,2016-11-19 01:07:29.779488,,,,,,f,,question,1,18,"",""
34,2016-11-19 01:07:29.789021,,,,,,f,,question,2,16,"",""
35,2016-11-19 01:07:29.88354,,,,,,f,,question,1,19,"",""
36,2016-11-19 01:07:29.928853,,,,,,f,,question,2,17,"",""
37,2016-11-19 01:07:29.994372,,,,,,f,,question,1,20,"",""
38,2016-11-19 01:07:30.032633,,,,,,f,,question,2,18,"",""
39,2016-11-19 01:07:30.099148,,,,,,f,,question,1,21,"",""
40,2016-11-19 01:07:30.152408,,,,,,f,,question,2,19,"",""
41,2016-11-19 01:07:30.203914,,,,,,f,,question,1,22,"",""
42,2016-11-19 01:07:30.251678,,,,,,f,,question,2,20,"",""
43,2016-11-19 01:07:30.327091,,,,,,f,,question,1,23,"",""
44,2016-11-19 01:07:30.363709,,,,,,f,,question,2,21,"",""
45,2016-11-19 01:07:30.455995,,,,,,f,,question,1,24,"",""
46,2016-11-19 01:07:30.46558,,,,,,f,,question,2,22,"",""
47,2016-11-19 01:07:30.618547,,,,,,f,,question,1,25,"",""
48,2016-11-19 01:07:30.622851,,,,,,f,,question,2,23,"",""
49,2016-11-19 01:07:30.732533,,,,,,f,,question,1,26,"",""
50,2016-11-19 01:07:30.841292,,,,,,f,,question,1,27,"",""
51,2016-11-19 01:07:30.949482,,,,,,f,,question,1,28,"",""
52,2016-11-19 01:07:30.963379,,,,,,f,,question,2,24,"",""
53,2016-11-19 01:07:31.072157,,,,,,f,,question,1,29,"",""
54,2016-11-19 01:07:31.084876,,,,,,f,,question,2,25,"",""
55,2016-11-19 01:07:31.18652,,,,,,f,,question,1,30,"",""
56,2016-11-19 01:07:31.188876,,,,,,f,,question,2,26,"",""
57,2016-11-19 01:07:31.295844,,,,,,f,,question,2,27,"",""
58,2016-11-19 01:07:31.299002,,,,,,f,,question,1,31,"",""
59,2016-11-19 01:07:31.402641,,,,,,f,,question,2,28,"",""
60,2016-11-19 01:07:31.403128,,,,,,f,,question,1,32,"",""
61,2016-11-19 01:07:31.52883,,,,,,f,,question,2,29,"",""
62,2016-11-19 01:07:31.529925,,,,,,f,,question,1,33,"",""
63,2016-11-19 01:07:31.636766,,,,,,f,,question,1,34,"",""
64,2016-11-19 01:07:31.766829,,,,,,f,,question,1,35,"",""
65,2016-11-19 01:07:31.784125,,,,,,f,,question,2,30,"",""
66,2016-11-19 01:07:31.946443,,,,,,f,,question,2,31,"",""
67,2016-11-19 01:07:31.958377,,,,,,f,,question,1,36,"",""
68,2016-11-19 01:07:32.076786,,,,,,f,,question,2,32,"",""
69,2016-11-19 01:07:32.079521,,,,,,f,,question,1,37,"",""
70,2016-11-19 01:07:32.190551,,,,,,f,,question,1,38,"",""
71,2016-11-19 01:07:32.190494,,,,,,f,,question,2,33,"",""
72,2016-11-19 01:07:32.297823,,,,,,f,,question,2,34,"",""
73,2016-11-19 01:07:32.297239,,,,,,f,,question,1,39,"",""
74,2016-11-19 01:07:32.409179,,,,,,f,,question,2,35,"",""
75,2016-11-19 01:07:32.416385,,,,,,f,,question,1,40,"",""
76,2016-11-19 01:07:32.517806,,,,,,f,,question,2,36,"",""
77,2016-11-19 01:07:32.526111,,,,,,f,,question,1,41,"",""
78,2016-11-19 01:07:32.620178,,,,,,f,,question,2,37,"",""
79,2016-11-19 01:07:32.631322,,,,,,f,,question,1,42,"",""
80,2016-11-19 01:07:32.725495,,,,,,f,,question,2,38,"",""
81,2016-11-19 01:07:32.747935,,,,,,f,,question,1,43,"",""
82,2016-11-19 01:07:32.827327,,,,,,f,,question,2,39,"",""
83,2016-11-19 01:07:32.850241,,,,,,f,,question,1,44,"",""
84,2016-11-19 01:07:32.939995,,,,,,f,,question,2,40,"",""
85,2016-11-19 01:07:32.960161,,,,,,f,,question,1,45,"",""
86,2016-11-19 01:07:33.046063,,,,,,f,,question,2,41,"",""
87,2016-11-19 01:07:33.07633,,,,,,f,,question,1,46,"",""
88,2016-11-19 01:07:33.155189,,,,,,f,,question,2,42,"",""
89,2016-11-19 01:07:33.193676,,,,,,f,,question,1,47,"",""
90,2016-11-19 01:07:33.263777,,,,,,f,,question,2,43,"",""
91,2016-11-19 01:07:33.300567,,,,,,f,,question,1,48,"",""
92,2016-11-19 01:07:33.371272,,,,,,f,,question,2,44,"",""
93,2016-11-19 01:07:33.406273,,,,,,f,,question,1,49,"",""
94,2016-11-19 01:07:33.474862,,,,,,f,,question,2,45,"",""
95,2016-11-19 01:07:33.519163,,,,,,f,,question,1,50,"",""
96,2016-11-19 01:07:33.577556,,,,,,f,,question,2,46,"",""
97,2016-11-19 01:07:33.626599,,,,,,f,,question,1,51,"",""
98,2016-11-19 01:07:33.67786,,,,,,f,,question,2,47,"",""
99,2016-11-19 01:07:33.733144,,,,,,f,,question,1,52,"",""
100,2016-11-19 01:07:33.785141,,,,,,f,,question,2,48,"",""
101,2016-11-19 01:07:33.841394,,,,,,f,,question,1,53,"",""
102,2016-11-19 01:07:33.890118,,,,,,f,,question,2,49,"",""
103,2016-11-19 01:07:33.951555,,,,,,f,,question,1,54,"",""
104,2016-11-19 01:07:33.993064,,,,,,f,,question,2,50,"",""
108,2016-11-19 01:07:34.206303,,,,,,f,,question,2,52,"",""
109,2016-11-19 01:07:34.308895,,,,,,f,,question,2,53,"",""
110,2016-11-19 01:07:34.411514,,,,,,f,,question,2,54,"",""
115,2016-11-19 01:07:34.723302,,,,,,f,,question,2,57,"",""
105,2016-11-19 01:07:34.059898,,,,,,f,,question,1,55,"",""
106,2016-11-19 01:07:34.101264,,,,,,f,,question,2,51,"",""
107,2016-11-19 01:07:34.17312,,,,,,f,,question,1,56,"",""
111,2016-11-19 01:07:34.505696,,,,,,f,,question,1,57,"",""
139,2016-11-19 01:07:36.06382,,,,,,f,,question,1,71,"",""
112,2016-11-19 01:07:34.511007,,,,,,f,,question,2,55,"",""
156,2016-11-19 01:07:36.943716,,,,,,f,,question,2,77,"",""
158,2016-11-19 01:07:37.101923,,,,,,f,,question,2,78,"",""
113,2016-11-19 01:07:34.619838,,,,,,f,,question,2,56,"",""
116,2016-11-19 01:07:34.734264,,,,,,f,,question,1,59,"",""
114,2016-11-19 01:07:34.626469,,,,,,f,,question,1,58,"",""
117,2016-11-19 01:07:34.847727,,,,,,f,,question,1,60,"",""
118,2016-11-19 01:07:34.870027,,,,,,f,,question,2,58,"",""
136,2016-11-19 01:07:35.886103,,,,,,f,,question,2,67,"",""
145,2016-11-19 01:07:36.383553,,,,,,f,,question,1,74,"",""
152,2016-11-19 01:07:36.733412,,,,,,f,,question,2,75,"",""
119,2016-11-19 01:07:34.95124,,,,,,f,,question,1,61,"",""
133,2016-11-19 01:07:35.73699,,,,,,f,,question,1,68,"",""
134,2016-11-19 01:07:35.774915,,,,,,f,,question,2,66,"",""
120,2016-11-19 01:07:34.9748,,,,,,f,,question,2,59,"",""
128,2016-11-19 01:07:35.393219,,,,,,f,,question,2,63,"",""
121,2016-11-19 01:07:35.057987,,,,,,f,,question,1,62,"",""
122,2016-11-19 01:07:35.083648,,,,,,f,,question,2,60,"",""
137,2016-11-19 01:07:35.955592,,,,,,f,,question,1,70,"",""
138,2016-11-19 01:07:35.99185,,,,,,f,,question,2,68,"",""
123,2016-11-19 01:07:35.16461,,,,,,f,,question,1,63,"",""
124,2016-11-19 01:07:35.187746,,,,,,f,,question,2,61,"",""
125,2016-11-19 01:07:35.27086,,,,,,f,,question,1,64,"",""
126,2016-11-19 01:07:35.289899,,,,,,f,,question,2,62,"",""
131,2016-11-19 01:07:35.632013,,,,,,f,,question,1,67,"",""
127,2016-11-19 01:07:35.379734,,,,,,f,,question,1,65,"",""
141,2016-11-19 01:07:36.166504,,,,,,f,,question,1,72,"",""
129,2016-11-19 01:07:35.523294,,,,,,f,,question,1,66,"",""
132,2016-11-19 01:07:35.660508,,,,,,f,,question,2,65,"",""
130,2016-11-19 01:07:35.539328,,,,,,f,,question,2,64,"",""
135,2016-11-19 01:07:35.842527,,,,,,f,,question,1,69,"",""
140,2016-11-19 01:07:36.096347,,,,,,f,,question,2,69,"",""
142,2016-11-19 01:07:36.206374,,,,,,f,,question,2,70,"",""
143,2016-11-19 01:07:36.279924,,,,,,f,,question,1,73,"",""
144,2016-11-19 01:07:36.313618,,,,,,f,,question,2,71,"",""
146,2016-11-19 01:07:36.419416,,,,,,f,,question,2,72,"",""
147,2016-11-19 01:07:36.490181,,,,,,f,,question,1,75,"",""
153,2016-11-19 01:07:36.805108,,,,,,f,,question,1,78,"",""
154,2016-11-19 01:07:36.836806,,,,,,f,,question,2,76,"",""
155,2016-11-19 01:07:36.913618,,,,,,f,,question,1,79,"",""
148,2016-11-19 01:07:36.524017,,,,,,f,,question,2,73,"",""
149,2016-11-19 01:07:36.596223,,,,,,f,,question,1,76,"",""
150,2016-11-19 01:07:36.632852,,,,,,f,,question,2,74,"",""
151,2016-11-19 01:07:36.701531,,,,,,f,,question,1,77,"",""
157,2016-11-19 01:07:37.017224,,,,,,f,,question,1,80,"",""
159,2016-11-19 01:07:37.119718,,,,,,f,,question,1,81,"",""
160,2016-11-19 01:07:37.224978,,,,,,f,,question,2,79,"",""
161,2016-11-19 01:07:37.701397,,,,,,f,,question,1,82,"",""
162,2016-11-19 01:07:37.702678,,,,,,f,,question,2,80,"",""
163,2016-11-19 01:07:37.806784,,,,,,f,,question,2,81,"",""
164,2016-11-19 01:07:37.812676,,,,,,f,,question,1,83,"",""
165,2016-11-19 01:07:37.906729,,,,,,f,,question,2,82,"",""
166,2016-11-19 01:07:37.916599,,,,,,f,,question,1,84,"",""
167,2016-11-19 01:07:38.010636,,,,,,f,,question,2,83,"",""
168,2016-11-19 01:07:38.033736,,,,,,f,,question,1,85,"",""
169,2016-11-19 01:07:38.111682,,,,,,f,,question,2,84,"",""
170,2016-11-19 01:07:38.137644,,,,,,f,,question,1,86,"",""
171,2016-11-19 01:07:38.218576,,,,,,f,,question,2,85,"",""
172,2016-11-19 01:07:38.244644,,,,,,f,,question,1,87,"",""
173,2016-11-19 01:07:38.31871,,,,,,f,,question,2,86,"",""
174,2016-11-19 01:07:38.349804,,,,,,f,,question,1,88,"",""
175,2016-11-19 01:07:38.424354,,,,,,f,,question,2,87,"",""
176,2016-11-19 01:07:38.450876,,,,,,f,,question,1,89,"",""
177,2016-11-19 01:07:38.524646,,,,,,f,,question,2,88,"",""
178,2016-11-19 01:07:38.563001,,,,,,f,,question,1,90,"",""
179,2016-11-19 01:07:38.625176,,,,,,f,,question,2,89,"",""
180,2016-11-19 01:07:38.669347,,,,,,f,,question,1,91,"",""
181,2016-11-19 01:07:38.729046,,,,,,f,,question,2,90,"",""
182,2016-11-19 01:07:38.774299,,,,,,f,,question,1,92,"",""
183,2016-11-19 01:07:38.838468,,,,,,f,,question,2,91,"",""
184,2016-11-19 01:07:38.885574,,,,,,f,,question,1,93,"",""
185,2016-11-19 01:07:38.945271,,,,,,f,,question,2,92,"",""
186,2016-11-19 01:07:38.989508,,,,,,f,,question,1,94,"",""
187,2016-11-19 01:07:39.05457,,,,,,f,,question,2,93,"",""
188,2016-11-19 01:07:39.092117,,,,,,f,,question,1,95,"",""
189,2016-11-19 01:07:39.15812,,,,,,f,,question,2,94,"",""
190,2016-11-19 01:07:39.193138,,,,,,f,,question,1,96,"",""
191,2016-11-19 01:07:39.2729,,,,,,f,,question,2,95,"",""
192,2016-11-19 01:07:39.301225,,,,,,f,,question,1,97,"",""
193,2016-11-19 01:07:39.379308,,,,,,f,,question,2,96,"",""
194,2016-11-19 01:07:39.408494,,,,,,f,,question,1,98,"",""
195,2016-11-19 01:07:39.48984,,,,,,f,,question,2,97,"",""
196,2016-11-19 01:07:39.513729,,,,,,f,,question,1,99,"",""
197,2016-11-19 01:07:39.595508,,,,,,f,,question,2,98,"",""
198,2016-11-19 01:07:39.620989,,,,,,f,,question,1,100,"",""
199,2016-11-19 01:07:39.708255,,,,,,f,,question,2,99,"",""
200,2016-11-19 01:07:39.731805,,,,,,f,,question,1,101,"",""
201,2016-11-19 01:07:39.81389,,,,,,f,,question,2,100,"",""
202,2016-11-19 01:07:39.843747,,,,,,f,,question,1,102,"",""
203,2016-11-19 01:07:39.926314,,,,,,f,,question,2,101,"",""
204,2016-11-19 01:07:39.955428,,,,,,f,,question,1,103,"",""
205,2016-11-19 01:07:40.034085,,,,,,f,,question,2,102,"",""
206,2016-11-19 01:07:40.072928,,,,,,f,,question,1,104,"",""
207,2016-11-19 01:07:40.144295,,,,,,f,,question,2,103,"",""
208,2016-11-19 01:07:40.177348,,,,,,f,,question,1,105,"",""
209,2016-11-19 01:07:40.28065,,,,,,f,,question,2,104,"",""
210,2016-11-19 01:07:40.285378,,,,,,f,,question,1,106,"",""
211,2016-11-19 01:07:40.389869,,,,,,f,,question,2,105,"",""
212,2016-11-19 01:07:40.391893,,,,,,f,,question,1,107,"",""
213,2016-11-19 01:07:40.492502,,,,,,f,,question,2,106,"",""
214,2016-11-19 01:07:40.499621,,,,,,f,,question,1,108,"",""
215,2016-11-19 01:07:40.603445,,,,,,f,,question,2,107,"",""
216,2016-11-19 01:07:40.60948,,,,,,f,,question,1,109,"",""
217,2016-11-19 01:07:40.711674,,,,,,f,,question,2,108,"",""
218,2016-11-19 01:07:40.717386,,,,,,f,,question,1,110,"",""
219,2016-11-19 01:07:40.827228,,,,,,f,,question,1,111,"",""
220,2016-11-19 01:07:40.83263,,,,,,f,,question,2,109,"",""
221,2016-11-19 01:07:40.937333,,,,,,f,,question,2,110,"",""
222,2016-11-19 01:07:40.938921,,,,,,f,,question,1,112,"",""
223,2016-11-19 01:07:41.038737,,,,,,f,,question,2,111,"",""
224,2016-11-19 01:07:41.047467,,,,,,f,,question,1,113,"",""
225,2016-11-19 01:07:41.139214,,,,,,f,,question,2,112,"",""
226,2016-11-19 01:07:41.152113,,,,,,f,,question,1,114,"",""
227,2016-11-19 01:07:41.254977,,,,,,f,,question,2,113,"",""
228,2016-11-19 01:07:41.264319,,,,,,f,,question,1,115,"",""
229,2016-11-19 01:07:41.355646,,,,,,f,,question,2,114,"",""
230,2016-11-19 01:07:41.372472,,,,,,f,,question,1,116,"",""
231,2016-11-19 01:07:41.454905,,,,,,f,,question,2,115,"",""
232,2016-11-19 01:07:41.479126,,,,,,f,,question,1,117,"",""
233,2016-11-19 01:07:41.557749,,,,,,f,,question,2,116,"",""
234,2016-11-19 01:07:41.584741,,,,,,f,,question,1,118,"",""
235,2016-11-19 01:07:41.663209,,,,,,f,,question,2,117,"",""
236,2016-11-19 01:07:41.689149,,,,,,f,,question,1,119,"",""
237,2016-11-19 01:07:41.766882,,,,,,f,,question,2,118,"",""
238,2016-11-19 01:07:41.789181,,,,,,f,,question,1,120,"",""
239,2016-11-19 01:07:41.866735,,,,,,f,,question,2,119,"",""
240,2016-11-19 01:07:41.893997,,,,,,f,,question,1,121,"",""
241,2016-11-19 01:07:41.970256,,,,,,f,,question,2,120,"",""
242,2016-11-19 01:07:41.996633,,,,,,f,,question,1,122,"",""
243,2016-11-19 01:07:42.074043,,,,,,f,,question,2,121,"",""
244,2016-11-19 01:07:42.099175,,,,,,f,,question,1,123,"",""
245,2016-11-19 01:07:42.176687,,,,,,f,,question,2,122,"",""
246,2016-11-19 01:07:42.205535,,,,,,f,,question,1,124,"",""
247,2016-11-19 01:07:42.273839,,,,,,f,,question,2,123,"",""
248,2016-11-19 01:07:42.306333,,,,,,f,,question,1,125,"",""
249,2016-11-19 01:07:42.379288,,,,,,f,,question,2,124,"",""
250,2016-11-19 01:07:42.422023,,,,,,f,,question,1,126,"",""
251,2016-11-19 01:07:42.490087,,,,,,f,,question,2,125,"",""
252,2016-11-19 01:07:42.534021,,,,,,f,,question,1,127,"",""
253,2016-11-19 01:07:42.594774,,,,,,f,,question,2,126,"",""
254,2016-11-19 01:07:42.642867,,,,,,f,,question,1,128,"",""
255,2016-11-19 01:07:42.703435,,,,,,f,,question,2,127,"",""
256,2016-11-19 01:07:42.751799,,,,,,f,,question,1,129,"",""
257,2016-11-19 01:07:42.807549,,,,,,f,,question,2,128,"",""
258,2016-11-19 01:07:42.859073,,,,,,f,,question,1,130,"",""
259,2016-11-19 01:07:42.932855,,,,,,f,,question,2,129,"",""
260,2016-11-19 01:07:42.971276,,,,,,f,,question,1,131,"",""
261,2016-11-19 01:07:43.051357,,,,,,f,,question,2,130,"",""
262,2016-11-19 01:07:43.09355,,,,,,f,,question,1,132,"",""
263,2016-11-19 01:07:43.201443,,,,,,f,,question,2,131,"",""
264,2016-11-19 01:07:43.209707,,,,,,f,,question,1,133,"",""
265,2016-11-19 01:07:43.335626,,,,,,f,,question,2,132,"",""
266,2016-11-19 01:07:43.341887,,,,,,f,,question,1,134,"",""
267,2016-11-19 01:07:43.447944,,,,,,f,,question,2,133,"",""
339,2016-11-19 01:07:47.695237,,,,,,f,,question,1,170,"",""
437,2016-11-19 01:07:53.684042,,,,,,f,,question,1,218,"",""
447,2016-11-19 01:07:54.261407,,,,,,f,,question,2,225,"",""
548,2016-11-19 01:08:00.407464,,,,,,f,,question,1,272,"",""
554,2016-11-19 01:08:00.751478,,,,,,f,,question,2,280,"",""
636,2016-11-19 01:08:05.339709,,,,,,f,,question,1,315,"",""
801,2016-11-19 01:08:15.326276,,,,,,f,,question,1,398,"",""
821,2016-11-19 01:08:16.551397,,,,,,f,,question,2,413,"",""
824,2016-11-19 01:08:16.666094,,,,,,f,,question,1,410,"",""
884,2016-11-19 01:08:20.312357,,,,,,f,,question,1,439,"",""
905,2016-11-19 01:08:21.660246,,,,,,f,,question,1,449,"",""
929,2016-11-19 01:08:23.624531,,,,,,f,,question,1,461,"",""
944,2016-11-19 01:08:24.523125,,,,,,f,,question,1,469,"",""
948,2016-11-19 01:08:24.760276,,,,,,f,,question,1,471,"",""
959,2016-11-19 01:08:25.58155,,,,,,f,,question,2,483,"",""
965,2016-11-19 01:08:26.073251,,,,,,f,,question,1,479,"",""
1045,2016-11-19 01:08:30.869231,,,,,,f,,question,2,526,"",""
1050,2016-11-19 01:08:31.22501,,,,,,f,,question,2,529,"",""
1054,2016-11-19 01:08:31.532764,,,,,,f,,question,2,531,"",""
1084,2016-11-19 01:08:33.243791,,,,,,f,,question,1,539,"",""
1095,2016-11-19 01:08:33.816637,,,,,,f,,question,1,544,"",""
1108,2016-11-19 01:08:34.664476,,,,,,f,,question,2,558,"",""
1113,2016-11-19 01:08:34.884977,,,,,,f,,question,1,553,"",""
268,2016-11-19 01:07:43.452366,,,,,,f,,question,1,135,"",""
270,2016-11-19 01:07:43.584924,,,,,,f,,question,1,136,"",""
315,2016-11-19 01:07:46.341796,,,,,,f,,question,1,158,"",""
318,2016-11-19 01:07:46.570436,,,,,,f,,question,2,159,"",""
322,2016-11-19 01:07:46.783976,,,,,,f,,question,1,162,"",""
593,2016-11-19 01:08:02.893141,,,,,,f,,question,2,299,"",""
624,2016-11-19 01:08:04.647671,,,,,,f,,question,2,315,"",""
637,2016-11-19 01:08:05.444071,,,,,,f,,question,2,322,"",""
676,2016-11-19 01:08:07.704278,,,,,,f,,question,2,342,"",""
692,2016-11-19 01:08:08.563079,,,,,,f,,question,2,350,"",""
740,2016-11-19 01:08:11.307898,,,,,,f,,question,1,366,"",""
756,2016-11-19 01:08:12.249953,,,,,,f,,question,1,374,"",""
798,2016-11-19 01:08:14.994643,,,,,,f,,question,1,395,"",""
809,2016-11-19 01:08:15.854902,,,,,,f,,question,1,403,"",""
825,2016-11-19 01:08:16.764855,,,,,,f,,question,2,415,"",""
841,2016-11-19 01:08:17.629947,,,,,,f,,question,1,419,"",""
977,2016-11-19 01:08:26.949145,,,,,,f,,question,1,485,"",""
1019,2016-11-19 01:08:29.410229,,,,,,f,,question,1,506,"",""
1037,2016-11-19 01:08:30.450584,,,,,,f,,question,2,522,"",""
1038,2016-11-19 01:08:30.483256,,,,,,f,,question,1,516,"",""
1047,2016-11-19 01:08:30.996291,,,,,,f,,question,2,527,"",""
1104,2016-11-19 01:08:34.401594,,,,,,f,,question,2,556,"",""
1124,2016-11-19 01:08:35.537022,,,,,,f,,question,2,566,"",""
1129,2016-11-19 01:08:35.845758,,,,,,f,,question,2,569,"",""
1132,2016-11-19 01:08:35.960237,,,,,,f,,question,1,562,"",""
269,2016-11-19 01:07:43.553328,,,,,,f,,question,2,134,"",""
277,2016-11-19 01:07:43.98723,,,,,,f,,question,2,138,"",""
287,2016-11-19 01:07:44.587712,,,,,,f,,question,1,144,"",""
289,2016-11-19 01:07:44.692011,,,,,,f,,question,1,145,"",""
296,2016-11-19 01:07:45.118922,,,,,,f,,question,2,148,"",""
317,2016-11-19 01:07:46.467905,,,,,,f,,question,1,159,"",""
421,2016-11-19 01:07:52.811795,,,,,,f,,question,1,210,"",""
422,2016-11-19 01:07:52.857203,,,,,,f,,question,2,212,"",""
458,2016-11-19 01:07:54.801463,,,,,,f,,question,1,228,"",""
465,2016-11-19 01:07:55.200776,,,,,,f,,question,2,234,"",""
468,2016-11-19 01:07:55.331951,,,,,,f,,question,1,233,"",""
472,2016-11-19 01:07:55.768156,,,,,,f,,question,1,235,"",""
483,2016-11-19 01:07:56.403538,,,,,,f,,question,2,243,"",""
488,2016-11-19 01:07:56.654168,,,,,,f,,question,1,243,"",""
580,2016-11-19 01:08:02.218343,,,,,,f,,question,1,288,"",""
581,2016-11-19 01:08:02.245641,,,,,,f,,question,2,293,"",""
640,2016-11-19 01:08:05.562057,,,,,,f,,question,1,317,"",""
650,2016-11-19 01:08:06.319836,,,,,,f,,question,2,329,"",""
785,2016-11-19 01:08:13.785872,,,,,,f,,question,2,397,"",""
818,2016-11-19 01:08:16.342858,,,,,,f,,question,1,407,"",""
826,2016-11-19 01:08:16.773035,,,,,,f,,question,1,411,"",""
883,2016-11-19 01:08:20.21619,,,,,,f,,question,2,445,"",""
918,2016-11-19 01:08:22.474136,,,,,,f,,question,2,463,"",""
951,2016-11-19 01:08:24.888458,,,,,,f,,question,2,479,"",""
968,2016-11-19 01:08:26.313755,,,,,,f,,question,2,488,"",""
970,2016-11-19 01:08:26.413589,,,,,,f,,question,2,489,"",""
994,2016-11-19 01:08:27.954916,,,,,,f,,question,2,501,"",""
996,2016-11-19 01:08:28.056066,,,,,,f,,question,2,502,"",""
999,2016-11-19 01:08:28.181014,,,,,,f,,question,1,496,"",""
1002,2016-11-19 01:08:28.390309,,,,,,f,,question,2,505,"",""
1007,2016-11-19 01:08:28.654044,,,,,,f,,question,1,500,"",""
1036,2016-11-19 01:08:30.376129,,,,,,f,,question,1,515,"",""
1120,2016-11-19 01:08:35.313986,,,,,,f,,question,2,564,"",""
271,2016-11-19 01:07:43.659928,,,,,,f,,question,2,135,"",""
281,2016-11-19 01:07:44.258512,,,,,,f,,question,1,141,"",""
298,2016-11-19 01:07:45.272639,,,,,,f,,question,2,149,"",""
314,2016-11-19 01:07:46.337269,,,,,,f,,question,2,157,"",""
357,2016-11-19 01:07:48.740779,,,,,,f,,question,2,179,"",""
372,2016-11-19 01:07:49.981967,,,,,,f,,question,2,187,"",""
379,2016-11-19 01:07:50.46978,,,,,,f,,question,2,191,"",""
387,2016-11-19 01:07:50.902631,,,,,,f,,question,2,195,"",""
453,2016-11-19 01:07:54.583255,,,,,,f,,question,2,228,"",""
455,2016-11-19 01:07:54.686884,,,,,,f,,question,2,229,"",""
496,2016-11-19 01:07:57.312255,,,,,,f,,question,2,250,"",""
521,2016-11-19 01:07:58.725708,,,,,,f,,question,1,259,"",""
605,2016-11-19 01:08:03.552135,,,,,,f,,question,2,305,"",""
631,2016-11-19 01:08:05.063,,,,,,f,,question,1,313,"",""
667,2016-11-19 01:08:07.199513,,,,,,f,,question,1,330,"",""
672,2016-11-19 01:08:07.502687,,,,,,f,,question,2,340,"",""
674,2016-11-19 01:08:07.605476,,,,,,f,,question,2,341,"",""
924,2016-11-19 01:08:22.867144,,,,,,f,,question,2,466,"",""
930,2016-11-19 01:08:23.721688,,,,,,f,,question,2,469,"",""
1049,2016-11-19 01:08:31.210789,,,,,,f,,question,1,521,"",""
1138,2016-11-19 01:08:36.342638,,,,,,f,,question,1,565,"",""
1145,2016-11-19 01:08:36.785205,,,,,,f,,question,2,576,"",""
1155,2016-11-19 01:08:37.465247,,,,,,f,,question,1,574,"",""
272,2016-11-19 01:07:43.69148,,,,,,f,,question,1,137,"",""
273,2016-11-19 01:07:43.78119,,,,,,f,,question,2,136,"",""
300,2016-11-19 01:07:45.376795,,,,,,f,,question,2,150,"",""
302,2016-11-19 01:07:45.482481,,,,,,f,,question,2,151,"",""
330,2016-11-19 01:07:47.210471,,,,,,f,,question,2,165,"",""
338,2016-11-19 01:07:47.647104,,,,,,f,,question,2,169,"",""
344,2016-11-19 01:07:47.967398,,,,,,f,,question,2,172,"",""
410,2016-11-19 01:07:52.209398,,,,,,f,,question,2,206,"",""
477,2016-11-19 01:07:56.092849,,,,,,f,,question,2,240,"",""
550,2016-11-19 01:08:00.535398,,,,,,f,,question,1,273,"",""
553,2016-11-19 01:08:00.653751,,,,,,f,,question,1,274,"",""
594,2016-11-19 01:08:02.965458,,,,,,f,,question,1,295,"",""
600,2016-11-19 01:08:03.281944,,,,,,f,,question,1,298,"",""
604,2016-11-19 01:08:03.496342,,,,,,f,,question,1,300,"",""
606,2016-11-19 01:08:03.660206,,,,,,f,,question,2,306,"",""
607,2016-11-19 01:08:03.700591,,,,,,f,,question,1,301,"",""
609,2016-11-19 01:08:03.815431,,,,,,f,,question,1,302,"",""
619,2016-11-19 01:08:04.36471,,,,,,f,,question,1,307,"",""
680,2016-11-19 01:08:07.912849,,,,,,f,,question,2,344,"",""
686,2016-11-19 01:08:08.23212,,,,,,f,,question,2,347,"",""
703,2016-11-19 01:08:09.207659,,,,,,f,,question,1,348,"",""
708,2016-11-19 01:08:09.436545,,,,,,f,,question,1,350,"",""
712,2016-11-19 01:08:09.656809,,,,,,f,,question,1,352,"",""
713,2016-11-19 01:08:09.745579,,,,,,f,,question,2,361,"",""
880,2016-11-19 01:08:20.092752,,,,,,f,,question,1,437,"",""
899,2016-11-19 01:08:21.231439,,,,,,f,,question,1,446,"",""
274,2016-11-19 01:07:43.817511,,,,,,f,,question,1,138,"",""
279,2016-11-19 01:07:44.088532,,,,,,f,,question,1,140,"",""
570,2016-11-19 01:08:01.617252,,,,,,f,,question,2,288,"",""
575,2016-11-19 01:08:01.900367,,,,,,f,,question,1,285,"",""
592,2016-11-19 01:08:02.859315,,,,,,f,,question,1,294,"",""
641,2016-11-19 01:08:05.680615,,,,,,f,,question,2,324,"",""
820,2016-11-19 01:08:16.448686,,,,,,f,,question,1,408,"",""
823,2016-11-19 01:08:16.660612,,,,,,f,,question,2,414,"",""
827,2016-11-19 01:08:16.869283,,,,,,f,,question,2,416,"",""
836,2016-11-19 01:08:17.311796,,,,,,f,,question,2,420,"",""
853,2016-11-19 01:08:18.323926,,,,,,f,,question,1,425,"",""
862,2016-11-19 01:08:18.783439,,,,,,f,,question,1,429,"",""
896,2016-11-19 01:08:21.019785,,,,,,f,,question,1,445,"",""
997,2016-11-19 01:08:28.075481,,,,,,f,,question,1,495,"",""
1009,2016-11-19 01:08:28.763415,,,,,,f,,question,2,508,"",""
1028,2016-11-19 01:08:29.942066,,,,,,f,,question,1,511,"",""
1040,2016-11-19 01:08:30.593579,,,,,,f,,question,1,517,"",""
1057,2016-11-19 01:08:31.676878,,,,,,f,,question,1,525,"",""
1060,2016-11-19 01:08:31.896393,,,,,,f,,question,2,534,"",""
1065,2016-11-19 01:08:32.13003,,,,,,f,,question,1,529,"",""
1097,2016-11-19 01:08:33.925766,,,,,,f,,question,1,545,"",""
1134,2016-11-19 01:08:36.064212,,,,,,f,,question,1,563,"",""
275,2016-11-19 01:07:43.885165,,,,,,f,,question,2,137,"",""
295,2016-11-19 01:07:45.015179,,,,,,f,,question,1,148,"",""
398,2016-11-19 01:07:51.469129,,,,,,f,,question,1,198,"",""
446,2016-11-19 01:07:54.148696,,,,,,f,,question,1,222,"",""
481,2016-11-19 01:07:56.300105,,,,,,f,,question,2,242,"",""
482,2016-11-19 01:07:56.325482,,,,,,f,,question,1,240,"",""
487,2016-11-19 01:07:56.615673,,,,,,f,,question,2,245,"",""
577,2016-11-19 01:08:02.007023,,,,,,f,,question,1,286,"",""
578,2016-11-19 01:08:02.112467,,,,,,f,,question,1,287,"",""
653,2016-11-19 01:08:06.449499,,,,,,f,,question,1,323,"",""
655,2016-11-19 01:08:06.553295,,,,,,f,,question,1,324,"",""
706,2016-11-19 01:08:09.323268,,,,,,f,,question,2,357,"",""
723,2016-11-19 01:08:10.278985,,,,,,f,,question,2,366,"",""
868,2016-11-19 01:08:19.199885,,,,,,f,,question,2,437,"",""
871,2016-11-19 01:08:19.467382,,,,,,f,,question,2,439,"",""
872,2016-11-19 01:08:19.560696,,,,,,f,,question,1,433,"",""
926,2016-11-19 01:08:22.971109,,,,,,f,,question,2,467,"",""
988,2016-11-19 01:08:27.633608,,,,,,f,,question,1,491,"",""
991,2016-11-19 01:08:27.752135,,,,,,f,,question,2,499,"",""
1046,2016-11-19 01:08:30.929256,,,,,,f,,question,1,520,"",""
1068,2016-11-19 01:08:32.356374,,,,,,f,,question,2,538,"",""
1131,2016-11-19 01:08:35.957032,,,,,,f,,question,2,570,"",""
1149,2016-11-19 01:08:37.106334,,,,,,f,,question,1,571,"",""
1154,2016-11-19 01:08:37.391831,,,,,,f,,question,2,581,"",""
1160,2016-11-19 01:08:37.720035,,,,,,f,,question,2,584,"",""
276,2016-11-19 01:07:43.941013,,,,,,f,,question,1,139,"",""
335,2016-11-19 01:07:47.468801,,,,,,f,,question,1,168,"",""
342,2016-11-19 01:07:47.859748,,,,,,f,,question,2,171,"",""
351,2016-11-19 01:07:48.354274,,,,,,f,,question,1,176,"",""
407,2016-11-19 01:07:52.018287,,,,,,f,,question,1,203,"",""
408,2016-11-19 01:07:52.098192,,,,,,f,,question,2,205,"",""
409,2016-11-19 01:07:52.126363,,,,,,f,,question,1,204,"",""
438,2016-11-19 01:07:53.71814,,,,,,f,,question,2,220,"",""
444,2016-11-19 01:07:54.035842,,,,,,f,,question,1,221,"",""
474,2016-11-19 01:07:55.884164,,,,,,f,,question,2,238,"",""
512,2016-11-19 01:07:58.225759,,,,,,f,,question,2,258,"",""
517,2016-11-19 01:07:58.508146,,,,,,f,,question,1,257,"",""
518,2016-11-19 01:07:58.563653,,,,,,f,,question,2,261,"",""
540,2016-11-19 01:07:59.887898,,,,,,f,,question,2,272,"",""
702,2016-11-19 01:08:09.117844,,,,,,f,,question,2,355,"",""
709,2016-11-19 01:08:09.536524,,,,,,f,,question,2,359,"",""
908,2016-11-19 01:08:21.80952,,,,,,f,,question,2,458,"",""
909,2016-11-19 01:08:21.878705,,,,,,f,,question,1,451,"",""
935,2016-11-19 01:08:23.962548,,,,,,f,,question,2,471,"",""
1033,2016-11-19 01:08:30.241417,,,,,,f,,question,2,520,"",""
1150,2016-11-19 01:08:37.171616,,,,,,f,,question,2,579,"",""
1152,2016-11-19 01:08:37.273689,,,,,,f,,question,2,580,"",""
1159,2016-11-19 01:08:37.691883,,,,,,f,,question,1,576,"",""
278,2016-11-19 01:07:44.086091,,,,,,f,,question,2,139,"",""
280,2016-11-19 01:07:44.253847,,,,,,f,,question,2,140,"",""
303,2016-11-19 01:07:45.487536,,,,,,f,,question,1,152,"",""
371,2016-11-19 01:07:49.888995,,,,,,f,,question,1,185,"",""
377,2016-11-19 01:07:50.22601,,,,,,f,,question,1,188,"",""
400,2016-11-19 01:07:51.583875,,,,,,f,,question,1,199,"",""
450,2016-11-19 01:07:54.375151,,,,,,f,,question,1,224,"",""
493,2016-11-19 01:07:56.981998,,,,,,f,,question,2,248,"",""
495,2016-11-19 01:07:57.145489,,,,,,f,,question,1,246,"",""
559,2016-11-19 01:08:00.989352,,,,,,f,,question,1,277,"",""
560,2016-11-19 01:08:01.070451,,,,,,f,,question,2,283,"",""
562,2016-11-19 01:08:01.174472,,,,,,f,,question,2,284,"",""
584,2016-11-19 01:08:02.427938,,,,,,f,,question,1,290,"",""
591,2016-11-19 01:08:02.78085,,,,,,f,,question,2,298,"",""
597,2016-11-19 01:08:03.115156,,,,,,f,,question,2,301,"",""
615,2016-11-19 01:08:04.137896,,,,,,f,,question,1,305,"",""
633,2016-11-19 01:08:05.170418,,,,,,f,,question,1,314,"",""
673,2016-11-19 01:08:07.524376,,,,,,f,,question,1,333,"",""
677,2016-11-19 01:08:07.739991,,,,,,f,,question,1,335,"",""
700,2016-11-19 01:08:09.002372,,,,,,f,,question,2,354,"",""
748,2016-11-19 01:08:11.805124,,,,,,f,,question,1,370,"",""
749,2016-11-19 01:08:11.857161,,,,,,f,,question,2,379,"",""
763,2016-11-19 01:08:12.638355,,,,,,f,,question,2,386,"",""
768,2016-11-19 01:08:12.895318,,,,,,f,,question,1,380,"",""
770,2016-11-19 01:08:13.013927,,,,,,f,,question,1,381,"",""
784,2016-11-19 01:08:13.750689,,,,,,f,,question,1,388,"",""
787,2016-11-19 01:08:13.888988,,,,,,f,,question,2,398,"",""
788,2016-11-19 01:08:13.970912,,,,,,f,,question,1,390,"",""
789,2016-11-19 01:08:13.992105,,,,,,f,,question,2,399,"",""
791,2016-11-19 01:08:14.091791,,,,,,f,,question,2,400,"",""
792,2016-11-19 01:08:14.189151,,,,,,f,,question,1,392,"",""
812,2016-11-19 01:08:16.025419,,,,,,f,,question,2,408,"",""
817,2016-11-19 01:08:16.342736,,,,,,f,,question,2,411,"",""
830,2016-11-19 01:08:16.991983,,,,,,f,,question,1,413,"",""
834,2016-11-19 01:08:17.202249,,,,,,f,,question,2,419,"",""
838,2016-11-19 01:08:17.427857,,,,,,f,,question,2,421,"",""
843,2016-11-19 01:08:17.741214,,,,,,f,,question,1,420,"",""
845,2016-11-19 01:08:17.854365,,,,,,f,,question,1,421,"",""
848,2016-11-19 01:08:17.988829,,,,,,f,,question,1,422,"",""
849,2016-11-19 01:08:18.080448,,,,,,f,,question,2,427,"",""
855,2016-11-19 01:08:18.442054,,,,,,f,,question,2,430,"",""
869,2016-11-19 01:08:19.361614,,,,,,f,,question,2,438,"",""
875,2016-11-19 01:08:19.702678,,,,,,f,,question,2,441,"",""
895,2016-11-19 01:08:20.945348,,,,,,f,,question,2,451,"",""
904,2016-11-19 01:08:21.569578,,,,,,f,,question,2,456,"",""
914,2016-11-19 01:08:22.260321,,,,,,f,,question,2,461,"",""
927,2016-11-19 01:08:23.082586,,,,,,f,,question,1,460,"",""
931,2016-11-19 01:08:23.734663,,,,,,f,,question,1,462,"",""
932,2016-11-19 01:08:23.824585,,,,,,f,,question,2,470,"",""
945,2016-11-19 01:08:24.524366,,,,,,f,,question,2,476,"",""
947,2016-11-19 01:08:24.658546,,,,,,f,,question,2,477,"",""
954,2016-11-19 01:08:25.172515,,,,,,f,,question,1,474,"",""
984,2016-11-19 01:08:27.416406,,,,,,f,,question,2,496,"",""
1043,2016-11-19 01:08:30.763877,,,,,,f,,question,2,525,"",""
1074,2016-11-19 01:08:32.682142,,,,,,f,,question,2,541,"",""
1079,2016-11-19 01:08:32.915855,,,,,,f,,question,1,536,"",""
1081,2016-11-19 01:08:33.033593,,,,,,f,,question,2,544,"",""
1086,2016-11-19 01:08:33.34645,,,,,,f,,question,2,547,"",""
1088,2016-11-19 01:08:33.46703,,,,,,f,,question,2,548,"",""
1091,2016-11-19 01:08:33.589938,,,,,,f,,question,1,542,"",""
1092,2016-11-19 01:08:33.673749,,,,,,f,,question,2,550,"",""
1093,2016-11-19 01:08:33.704279,,,,,,f,,question,1,543,"",""
1114,2016-11-19 01:08:34.975664,,,,,,f,,question,2,561,"",""
1125,2016-11-19 01:08:35.64052,,,,,,f,,question,2,567,"",""
282,2016-11-19 01:07:44.374689,,,,,,f,,question,2,141,"",""
311,2016-11-19 01:07:46.132884,,,,,,f,,question,1,156,"",""
316,2016-11-19 01:07:46.465448,,,,,,f,,question,2,158,"",""
320,2016-11-19 01:07:46.67838,,,,,,f,,question,2,160,"",""
332,2016-11-19 01:07:47.314613,,,,,,f,,question,2,166,"",""
336,2016-11-19 01:07:47.543622,,,,,,f,,question,2,168,"",""
337,2016-11-19 01:07:47.579214,,,,,,f,,question,1,169,"",""
340,2016-11-19 01:07:47.752541,,,,,,f,,question,2,170,"",""
441,2016-11-19 01:07:53.906114,,,,,,f,,question,1,220,"",""
478,2016-11-19 01:07:56.103577,,,,,,f,,question,1,238,"",""
479,2016-11-19 01:07:56.196781,,,,,,f,,question,2,241,"",""
539,2016-11-19 01:07:59.85666,,,,,,f,,question,1,268,"",""
586,2016-11-19 01:08:02.537677,,,,,,f,,question,1,291,"",""
610,2016-11-19 01:08:03.879894,,,,,,f,,question,2,308,"",""
704,2016-11-19 01:08:09.220374,,,,,,f,,question,2,356,"",""
705,2016-11-19 01:08:09.316518,,,,,,f,,question,1,349,"",""
714,2016-11-19 01:08:09.762326,,,,,,f,,question,1,353,"",""
783,2016-11-19 01:08:13.679306,,,,,,f,,question,2,396,"",""
795,2016-11-19 01:08:14.295875,,,,,,f,,question,2,402,"",""
833,2016-11-19 01:08:17.202974,,,,,,f,,question,1,415,"",""
878,2016-11-19 01:08:19.954675,,,,,,f,,question,1,436,"",""
1023,2016-11-19 01:08:29.619285,,,,,,f,,question,1,508,"",""
1090,2016-11-19 01:08:33.571926,,,,,,f,,question,2,549,"",""
1116,2016-11-19 01:08:35.083304,,,,,,f,,question,2,562,"",""
1123,2016-11-19 01:08:35.533709,,,,,,f,,question,1,558,"",""
283,2016-11-19 01:07:44.378101,,,,,,f,,question,1,142,"",""
290,2016-11-19 01:07:44.792412,,,,,,f,,question,2,145,"",""
416,2016-11-19 01:07:52.530744,,,,,,f,,question,2,209,"",""
459,2016-11-19 01:07:54.892299,,,,,,f,,question,2,231,"",""
461,2016-11-19 01:07:54.994132,,,,,,f,,question,2,232,"",""
466,2016-11-19 01:07:55.222559,,,,,,f,,question,1,232,"",""
552,2016-11-19 01:08:00.648539,,,,,,f,,question,2,279,"",""
556,2016-11-19 01:08:00.855155,,,,,,f,,question,2,281,"",""
612,2016-11-19 01:08:03.994333,,,,,,f,,question,2,309,"",""
627,2016-11-19 01:08:04.83915,,,,,,f,,question,1,311,"",""
628,2016-11-19 01:08:04.865295,,,,,,f,,question,2,317,"",""
630,2016-11-19 01:08:04.972475,,,,,,f,,question,2,318,"",""
659,2016-11-19 01:08:06.774432,,,,,,f,,question,1,326,"",""
719,2016-11-19 01:08:10.060214,,,,,,f,,question,2,364,"",""
724,2016-11-19 01:08:10.327958,,,,,,f,,question,1,358,"",""
786,2016-11-19 01:08:13.86668,,,,,,f,,question,1,389,"",""
790,2016-11-19 01:08:14.077847,,,,,,f,,question,1,391,"",""
793,2016-11-19 01:08:14.19153,,,,,,f,,question,2,401,"",""
816,2016-11-19 01:08:16.223402,,,,,,f,,question,2,410,"",""
873,2016-11-19 01:08:19.573574,,,,,,f,,question,2,440,"",""
879,2016-11-19 01:08:19.99205,,,,,,f,,question,2,443,"",""
881,2016-11-19 01:08:20.112989,,,,,,f,,question,2,444,"",""
907,2016-11-19 01:08:21.769757,,,,,,f,,question,1,450,"",""
937,2016-11-19 01:08:24.077035,,,,,,f,,question,2,472,"",""
995,2016-11-19 01:08:27.962325,,,,,,f,,question,1,494,"",""
1127,2016-11-19 01:08:35.744779,,,,,,f,,question,2,568,"",""
284,2016-11-19 01:07:44.47792,,,,,,f,,question,2,142,"",""
319,2016-11-19 01:07:46.574022,,,,,,f,,question,1,160,"",""
321,2016-11-19 01:07:46.679946,,,,,,f,,question,1,161,"",""
326,2016-11-19 01:07:46.998369,,,,,,f,,question,2,163,"",""
341,2016-11-19 01:07:47.80436,,,,,,f,,question,1,171,"",""
356,2016-11-19 01:07:48.651987,,,,,,f,,question,1,178,"",""
365,2016-11-19 01:07:49.566958,,,,,,f,,question,1,182,"",""
419,2016-11-19 01:07:52.699107,,,,,,f,,question,1,209,"",""
420,2016-11-19 01:07:52.749513,,,,,,f,,question,2,211,"",""
434,2016-11-19 01:07:53.491794,,,,,,f,,question,2,218,"",""
435,2016-11-19 01:07:53.581205,,,,,,f,,question,1,217,"",""
585,2016-11-19 01:08:02.462671,,,,,,f,,question,2,295,"",""
654,2016-11-19 01:08:06.537759,,,,,,f,,question,2,331,"",""
727,2016-11-19 01:08:10.529168,,,,,,f,,question,2,368,"",""
735,2016-11-19 01:08:11.017755,,,,,,f,,question,2,372,"",""
746,2016-11-19 01:08:11.700107,,,,,,f,,question,1,369,"",""
765,2016-11-19 01:08:12.737869,,,,,,f,,question,2,387,"",""
829,2016-11-19 01:08:16.972893,,,,,,f,,question,2,417,"",""
882,2016-11-19 01:08:20.208631,,,,,,f,,question,1,438,"",""
886,2016-11-19 01:08:20.432237,,,,,,f,,question,2,447,"",""
971,2016-11-19 01:08:26.482183,,,,,,f,,question,1,482,"",""
1070,2016-11-19 01:08:32.462976,,,,,,f,,question,2,539,"",""
1073,2016-11-19 01:08:32.584934,,,,,,f,,question,1,533,"",""
1096,2016-11-19 01:08:33.900335,,,,,,f,,question,2,552,"",""
1107,2016-11-19 01:08:34.563028,,,,,,f,,question,1,550,"",""
285,2016-11-19 01:07:44.484497,,,,,,f,,question,1,143,"",""
373,2016-11-19 01:07:50.007676,,,,,,f,,question,1,186,"",""
425,2016-11-19 01:07:53.033274,,,,,,f,,question,1,212,"",""
426,2016-11-19 01:07:53.065836,,,,,,f,,question,2,214,"",""
507,2016-11-19 01:07:57.94146,,,,,,f,,question,2,256,"",""
536,2016-11-19 01:07:59.672338,,,,,,f,,question,2,270,"",""
546,2016-11-19 01:08:00.275026,,,,,,f,,question,1,271,"",""
561,2016-11-19 01:08:01.091076,,,,,,f,,question,1,278,"",""
568,2016-11-19 01:08:01.502361,,,,,,f,,question,2,287,"",""
571,2016-11-19 01:08:01.679504,,,,,,f,,question,1,283,"",""
574,2016-11-19 01:08:01.830962,,,,,,f,,question,2,290,"",""
608,2016-11-19 01:08:03.770675,,,,,,f,,question,2,307,"",""
611,2016-11-19 01:08:03.924139,,,,,,f,,question,1,303,"",""
613,2016-11-19 01:08:04.031705,,,,,,f,,question,1,304,"",""
662,2016-11-19 01:08:06.975935,,,,,,f,,question,2,335,"",""
688,2016-11-19 01:08:08.360088,,,,,,f,,question,2,348,"",""
699,2016-11-19 01:08:08.973017,,,,,,f,,question,1,346,"",""
728,2016-11-19 01:08:10.634166,,,,,,f,,question,1,360,"",""
731,2016-11-19 01:08:10.797627,,,,,,f,,question,2,370,"",""
733,2016-11-19 01:08:10.917671,,,,,,f,,question,2,371,"",""
734,2016-11-19 01:08:10.951219,,,,,,f,,question,1,363,"",""
779,2016-11-19 01:08:13.477414,,,,,,f,,question,2,394,"",""
810,2016-11-19 01:08:15.926271,,,,,,f,,question,2,407,"",""
814,2016-11-19 01:08:16.128096,,,,,,f,,question,2,409,"",""
815,2016-11-19 01:08:16.173907,,,,,,f,,question,1,406,"",""
928,2016-11-19 01:08:23.619384,,,,,,f,,question,2,468,"",""
933,2016-11-19 01:08:23.842576,,,,,,f,,question,1,463,"",""
989,2016-11-19 01:08:27.650258,,,,,,f,,question,2,498,"",""
993,2016-11-19 01:08:27.853375,,,,,,f,,question,2,500,"",""
1083,2016-11-19 01:08:33.141246,,,,,,f,,question,1,538,"",""
1094,2016-11-19 01:08:33.787576,,,,,,f,,question,2,551,"",""
286,2016-11-19 01:07:44.57564,,,,,,f,,question,2,143,"",""
293,2016-11-19 01:07:44.904453,,,,,,f,,question,1,147,"",""
305,2016-11-19 01:07:45.772426,,,,,,f,,question,1,153,"",""
333,2016-11-19 01:07:47.366029,,,,,,f,,question,1,167,"",""
334,2016-11-19 01:07:47.426913,,,,,,f,,question,2,167,"",""
366,2016-11-19 01:07:49.653222,,,,,,f,,question,2,184,"",""
367,2016-11-19 01:07:49.672364,,,,,,f,,question,1,183,"",""
369,2016-11-19 01:07:49.778194,,,,,,f,,question,1,184,"",""
376,2016-11-19 01:07:50.196511,,,,,,f,,question,2,189,"",""
382,2016-11-19 01:07:50.583493,,,,,,f,,question,1,190,"",""
498,2016-11-19 01:07:57.421948,,,,,,f,,question,2,251,"",""
502,2016-11-19 01:07:57.630457,,,,,,f,,question,2,253,"",""
506,2016-11-19 01:07:57.836464,,,,,,f,,question,1,251,"",""
514,2016-11-19 01:07:58.357769,,,,,,f,,question,2,259,"",""
519,2016-11-19 01:07:58.613603,,,,,,f,,question,1,258,"",""
534,2016-11-19 01:07:59.542049,,,,,,f,,question,2,269,"",""
544,2016-11-19 01:08:00.100859,,,,,,f,,question,1,270,"",""
599,2016-11-19 01:08:03.219903,,,,,,f,,question,2,302,"",""
620,2016-11-19 01:08:04.437413,,,,,,f,,question,2,313,"",""
725,2016-11-19 01:08:10.410243,,,,,,f,,question,2,367,"",""
730,2016-11-19 01:08:10.738372,,,,,,f,,question,1,361,"",""
796,2016-11-19 01:08:14.394196,,,,,,f,,question,1,394,"",""
876,2016-11-19 01:08:19.830398,,,,,,f,,question,2,442,"",""
889,2016-11-19 01:08:20.540639,,,,,,f,,question,1,441,"",""
941,2016-11-19 01:08:24.290095,,,,,,f,,question,2,474,"",""
958,2016-11-19 01:08:25.542976,,,,,,f,,question,1,476,"",""
974,2016-11-19 01:08:26.755071,,,,,,f,,question,1,484,"",""
998,2016-11-19 01:08:28.160457,,,,,,f,,question,2,503,"",""
1000,2016-11-19 01:08:28.264226,,,,,,f,,question,2,504,"",""
1004,2016-11-19 01:08:28.503849,,,,,,f,,question,2,506,"",""
1025,2016-11-19 01:08:29.76313,,,,,,f,,question,2,516,"",""
288,2016-11-19 01:07:44.687947,,,,,,f,,question,2,144,"",""
291,2016-11-19 01:07:44.801086,,,,,,f,,question,1,146,"",""
312,2016-11-19 01:07:46.234925,,,,,,f,,question,2,156,"",""
414,2016-11-19 01:07:52.429207,,,,,,f,,question,2,208,"",""
452,2016-11-19 01:07:54.483041,,,,,,f,,question,1,225,"",""
462,2016-11-19 01:07:55.009427,,,,,,f,,question,1,230,"",""
463,2016-11-19 01:07:55.097707,,,,,,f,,question,2,233,"",""
471,2016-11-19 01:07:55.765084,,,,,,f,,question,2,237,"",""
480,2016-11-19 01:07:56.217231,,,,,,f,,question,1,239,"",""
486,2016-11-19 01:07:56.546795,,,,,,f,,question,1,242,"",""
509,2016-11-19 01:07:58.045106,,,,,,f,,question,2,257,"",""
515,2016-11-19 01:07:58.405134,,,,,,f,,question,1,256,"",""
558,2016-11-19 01:08:00.959219,,,,,,f,,question,2,282,"",""
603,2016-11-19 01:08:03.443984,,,,,,f,,question,2,304,"",""
663,2016-11-19 01:08:06.984747,,,,,,f,,question,1,328,"",""
668,2016-11-19 01:08:07.288926,,,,,,f,,question,2,338,"",""
720,2016-11-19 01:08:10.072108,,,,,,f,,question,1,356,"",""
769,2016-11-19 01:08:12.958835,,,,,,f,,question,2,389,"",""
777,2016-11-19 01:08:13.36377,,,,,,f,,question,2,393,"",""
802,2016-11-19 01:08:15.433257,,,,,,f,,question,1,399,"",""
822,2016-11-19 01:08:16.554318,,,,,,f,,question,1,409,"",""
832,2016-11-19 01:08:17.097587,,,,,,f,,question,1,414,"",""
835,2016-11-19 01:08:17.310054,,,,,,f,,question,1,416,"",""
856,2016-11-19 01:08:18.442511,,,,,,f,,question,1,426,"",""
857,2016-11-19 01:08:18.545041,,,,,,f,,question,2,431,"",""
859,2016-11-19 01:08:18.646962,,,,,,f,,question,2,432,"",""
892,2016-11-19 01:08:20.748147,,,,,,f,,question,2,450,"",""
893,2016-11-19 01:08:20.779883,,,,,,f,,question,1,443,"",""
894,2016-11-19 01:08:20.895443,,,,,,f,,question,1,444,"",""
990,2016-11-19 01:08:27.736836,,,,,,f,,question,1,492,"",""
1018,2016-11-19 01:08:29.39201,,,,,,f,,question,2,513,"",""
1143,2016-11-19 01:08:36.664015,,,,,,f,,question,2,575,"",""
1148,2016-11-19 01:08:37.069494,,,,,,f,,question,2,578,"",""
292,2016-11-19 01:07:44.905072,,,,,,f,,question,2,146,"",""
350,2016-11-19 01:07:48.290857,,,,,,f,,question,2,175,"",""
383,2016-11-19 01:07:50.695453,,,,,,f,,question,1,191,"",""
392,2016-11-19 01:07:51.158618,,,,,,f,,question,1,195,"",""
402,2016-11-19 01:07:51.698458,,,,,,f,,question,1,200,"",""
573,2016-11-19 01:08:01.787691,,,,,,f,,question,1,284,"",""
576,2016-11-19 01:08:01.931984,,,,,,f,,question,2,291,"",""
588,2016-11-19 01:08:02.642677,,,,,,f,,question,1,292,"",""
651,2016-11-19 01:08:06.324421,,,,,,f,,question,1,322,"",""
682,2016-11-19 01:08:08.017991,,,,,,f,,question,2,345,"",""
689,2016-11-19 01:08:08.413844,,,,,,f,,question,1,341,"",""
694,2016-11-19 01:08:08.695232,,,,,,f,,question,2,351,"",""
741,2016-11-19 01:08:11.348358,,,,,,f,,question,2,375,"",""
743,2016-11-19 01:08:11.475447,,,,,,f,,question,2,376,"",""
761,2016-11-19 01:08:12.537551,,,,,,f,,question,2,385,"",""
762,2016-11-19 01:08:12.558015,,,,,,f,,question,1,377,"",""
803,2016-11-19 01:08:15.536095,,,,,,f,,question,1,400,"",""
913,2016-11-19 01:08:22.243614,,,,,,f,,question,1,453,"",""
919,2016-11-19 01:08:22.575596,,,,,,f,,question,1,456,"",""
946,2016-11-19 01:08:24.641633,,,,,,f,,question,1,470,"",""
950,2016-11-19 01:08:24.883418,,,,,,f,,question,1,472,"",""
1014,2016-11-19 01:08:29.112142,,,,,,f,,question,2,511,"",""
1024,2016-11-19 01:08:29.725559,,,,,,f,,question,1,509,"",""
1064,2016-11-19 01:08:32.120107,,,,,,f,,question,2,536,"",""
1101,2016-11-19 01:08:34.202603,,,,,,f,,question,1,547,"",""
1106,2016-11-19 01:08:34.559734,,,,,,f,,question,2,557,"",""
1109,2016-11-19 01:08:34.671369,,,,,,f,,question,1,551,"",""
1115,2016-11-19 01:08:35.004115,,,,,,f,,question,1,554,"",""
1122,2016-11-19 01:08:35.434852,,,,,,f,,question,2,565,"",""
294,2016-11-19 01:07:45.010555,,,,,,f,,question,2,147,"",""
327,2016-11-19 01:07:47.038103,,,,,,f,,question,1,164,"",""
354,2016-11-19 01:07:48.521065,,,,,,f,,question,1,177,"",""
385,2016-11-19 01:07:50.798947,,,,,,f,,question,2,194,"",""
388,2016-11-19 01:07:50.907642,,,,,,f,,question,1,193,"",""
401,2016-11-19 01:07:51.643118,,,,,,f,,question,2,202,"",""
429,2016-11-19 01:07:53.255347,,,,,,f,,question,1,214,"",""
448,2016-11-19 01:07:54.26825,,,,,,f,,question,1,223,"",""
484,2016-11-19 01:07:56.43849,,,,,,f,,question,1,241,"",""
485,2016-11-19 01:07:56.508098,,,,,,f,,question,2,244,"",""
491,2016-11-19 01:07:56.825149,,,,,,f,,question,2,247,"",""
501,2016-11-19 01:07:57.621773,,,,,,f,,question,1,249,"",""
503,2016-11-19 01:07:57.724551,,,,,,f,,question,1,250,"",""
505,2016-11-19 01:07:57.836375,,,,,,f,,question,2,255,"",""
508,2016-11-19 01:07:57.945458,,,,,,f,,question,1,252,"",""
684,2016-11-19 01:08:08.127109,,,,,,f,,question,2,346,"",""
685,2016-11-19 01:08:08.16269,,,,,,f,,question,1,339,"",""
721,2016-11-19 01:08:10.174983,,,,,,f,,question,2,365,"",""
776,2016-11-19 01:08:13.324535,,,,,,f,,question,1,384,"",""
778,2016-11-19 01:08:13.430781,,,,,,f,,question,1,385,"",""
897,2016-11-19 01:08:21.069472,,,,,,f,,question,2,452,"",""
902,2016-11-19 01:08:21.438476,,,,,,f,,question,2,455,"",""
1111,2016-11-19 01:08:34.771518,,,,,,f,,question,1,552,"",""
1112,2016-11-19 01:08:34.869589,,,,,,f,,question,2,560,"",""
1121,2016-11-19 01:08:35.412777,,,,,,f,,question,1,557,"",""
297,2016-11-19 01:07:45.133352,,,,,,f,,question,1,149,"",""
308,2016-11-19 01:07:46.022218,,,,,,f,,question,2,154,"",""
310,2016-11-19 01:07:46.129556,,,,,,f,,question,2,155,"",""
329,2016-11-19 01:07:47.152241,,,,,,f,,question,1,165,"",""
331,2016-11-19 01:07:47.261519,,,,,,f,,question,1,166,"",""
345,2016-11-19 01:07:48.014812,,,,,,f,,question,1,173,"",""
349,2016-11-19 01:07:48.23569,,,,,,f,,question,1,175,"",""
567,2016-11-19 01:08:01.465781,,,,,,f,,question,1,281,"",""
569,2016-11-19 01:08:01.574969,,,,,,f,,question,1,282,"",""
911,2016-11-19 01:08:22.081964,,,,,,f,,question,1,452,"",""
923,2016-11-19 01:08:22.809081,,,,,,f,,question,1,458,"",""
980,2016-11-19 01:08:27.18641,,,,,,f,,question,1,487,"",""
1052,2016-11-19 01:08:31.336163,,,,,,f,,question,2,530,"",""
1053,2016-11-19 01:08:31.444776,,,,,,f,,question,1,523,"",""
1075,2016-11-19 01:08:32.691766,,,,,,f,,question,1,534,"",""
1089,2016-11-19 01:08:33.478708,,,,,,f,,question,1,541,"",""
1139,2016-11-19 01:08:36.457684,,,,,,f,,question,1,566,"",""
299,2016-11-19 01:07:45.276338,,,,,,f,,question,1,150,"",""
301,2016-11-19 01:07:45.378931,,,,,,f,,question,1,151,"",""
355,2016-11-19 01:07:48.636728,,,,,,f,,question,2,178,"",""
359,2016-11-19 01:07:49.228256,,,,,,f,,question,1,179,"",""
360,2016-11-19 01:07:49.335214,,,,,,f,,question,2,181,"",""
396,2016-11-19 01:07:51.365543,,,,,,f,,question,1,197,"",""
405,2016-11-19 01:07:51.905306,,,,,,f,,question,1,202,"",""
406,2016-11-19 01:07:51.966456,,,,,,f,,question,2,204,"",""
424,2016-11-19 01:07:52.960894,,,,,,f,,question,2,213,"",""
430,2016-11-19 01:07:53.274204,,,,,,f,,question,2,216,"",""
528,2016-11-19 01:07:59.120926,,,,,,f,,question,2,266,"",""
529,2016-11-19 01:07:59.184675,,,,,,f,,question,1,263,"",""
595,2016-11-19 01:08:03.005662,,,,,,f,,question,2,300,"",""
629,2016-11-19 01:08:04.955776,,,,,,f,,question,1,312,"",""
632,2016-11-19 01:08:05.084266,,,,,,f,,question,2,319,"",""
657,2016-11-19 01:08:06.657979,,,,,,f,,question,1,325,"",""
717,2016-11-19 01:08:09.957869,,,,,,f,,question,2,363,"",""
751,2016-11-19 01:08:11.975149,,,,,,f,,question,2,380,"",""
758,2016-11-19 01:08:12.352891,,,,,,f,,question,1,375,"",""
764,2016-11-19 01:08:12.661305,,,,,,f,,question,1,378,"",""
839,2016-11-19 01:08:17.515808,,,,,,f,,question,1,418,"",""
846,2016-11-19 01:08:17.864508,,,,,,f,,question,2,425,"",""
850,2016-11-19 01:08:18.099961,,,,,,f,,question,1,423,"",""
858,2016-11-19 01:08:18.548774,,,,,,f,,question,1,427,"",""
910,2016-11-19 01:08:21.922481,,,,,,f,,question,2,459,"",""
921,2016-11-19 01:08:22.679198,,,,,,f,,question,1,457,"",""
1063,2016-11-19 01:08:32.024835,,,,,,f,,question,1,528,"",""
1117,2016-11-19 01:08:35.157934,,,,,,f,,question,1,555,"",""
1130,2016-11-19 01:08:35.859764,,,,,,f,,question,1,561,"",""
1135,2016-11-19 01:08:36.194609,,,,,,f,,question,2,572,"",""
304,2016-11-19 01:07:45.769828,,,,,,f,,question,2,152,"",""
307,2016-11-19 01:07:45.912198,,,,,,f,,question,1,154,"",""
313,2016-11-19 01:07:46.240823,,,,,,f,,question,1,157,"",""
353,2016-11-19 01:07:48.520496,,,,,,f,,question,2,177,"",""
361,2016-11-19 01:07:49.334222,,,,,,f,,question,1,180,"",""
362,2016-11-19 01:07:49.440708,,,,,,f,,question,2,182,"",""
364,2016-11-19 01:07:49.547363,,,,,,f,,question,2,183,"",""
393,2016-11-19 01:07:51.231198,,,,,,f,,question,2,198,"",""
439,2016-11-19 01:07:53.794612,,,,,,f,,question,1,219,"",""
440,2016-11-19 01:07:53.824205,,,,,,f,,question,2,221,"",""
442,2016-11-19 01:07:53.928755,,,,,,f,,question,2,222,"",""
460,2016-11-19 01:07:54.901351,,,,,,f,,question,1,229,"",""
464,2016-11-19 01:07:55.114555,,,,,,f,,question,1,231,"",""
467,2016-11-19 01:07:55.302224,,,,,,f,,question,2,235,"",""
614,2016-11-19 01:08:04.113509,,,,,,f,,question,2,310,"",""
625,2016-11-19 01:08:04.734766,,,,,,f,,question,1,310,"",""
634,2016-11-19 01:08:05.209373,,,,,,f,,question,2,320,"",""
718,2016-11-19 01:08:09.967911,,,,,,f,,question,1,355,"",""
726,2016-11-19 01:08:10.502726,,,,,,f,,question,1,359,"",""
732,2016-11-19 01:08:10.847465,,,,,,f,,question,1,362,"",""
738,2016-11-19 01:08:11.18002,,,,,,f,,question,1,365,"",""
739,2016-11-19 01:08:11.244007,,,,,,f,,question,2,374,"",""
742,2016-11-19 01:08:11.413095,,,,,,f,,question,1,367,"",""
745,2016-11-19 01:08:11.631362,,,,,,f,,question,2,377,"",""
747,2016-11-19 01:08:11.751569,,,,,,f,,question,2,378,"",""
752,2016-11-19 01:08:12.035432,,,,,,f,,question,1,372,"",""
799,2016-11-19 01:08:15.107169,,,,,,f,,question,1,396,"",""
964,2016-11-19 01:08:25.993963,,,,,,f,,question,2,486,"",""
969,2016-11-19 01:08:26.377807,,,,,,f,,question,1,481,"",""
982,2016-11-19 01:08:27.309247,,,,,,f,,question,2,495,"",""
1142,2016-11-19 01:08:36.661691,,,,,,f,,question,1,568,"",""
306,2016-11-19 01:07:45.912738,,,,,,f,,question,2,153,"",""
309,2016-11-19 01:07:46.027552,,,,,,f,,question,1,155,"",""
352,2016-11-19 01:07:48.395885,,,,,,f,,question,2,176,"",""
427,2016-11-19 01:07:53.144611,,,,,,f,,question,1,213,"",""
428,2016-11-19 01:07:53.169869,,,,,,f,,question,2,215,"",""
431,2016-11-19 01:07:53.364751,,,,,,f,,question,1,215,"",""
433,2016-11-19 01:07:53.474524,,,,,,f,,question,1,216,"",""
516,2016-11-19 01:07:58.461669,,,,,,f,,question,2,260,"",""
547,2016-11-19 01:08:00.332382,,,,,,f,,question,2,276,"",""
639,2016-11-19 01:08:05.552091,,,,,,f,,question,2,323,"",""
646,2016-11-19 01:08:05.992155,,,,,,f,,question,1,320,"",""
670,2016-11-19 01:08:07.397768,,,,,,f,,question,2,339,"",""
687,2016-11-19 01:08:08.286641,,,,,,f,,question,1,340,"",""
711,2016-11-19 01:08:09.641533,,,,,,f,,question,2,360,"",""
755,2016-11-19 01:08:12.215385,,,,,,f,,question,2,382,"",""
760,2016-11-19 01:08:12.45522,,,,,,f,,question,1,376,"",""
852,2016-11-19 01:08:18.203864,,,,,,f,,question,1,424,"",""
865,2016-11-19 01:08:18.98707,,,,,,f,,question,2,435,"",""
866,2016-11-19 01:08:19.042891,,,,,,f,,question,1,431,"",""
934,2016-11-19 01:08:23.9476,,,,,,f,,question,1,464,"",""
942,2016-11-19 01:08:24.389288,,,,,,f,,question,1,468,"",""
985,2016-11-19 01:08:27.426971,,,,,,f,,question,1,489,"",""
986,2016-11-19 01:08:27.52955,,,,,,f,,question,1,490,"",""
1029,2016-11-19 01:08:30.032684,,,,,,f,,question,2,518,"",""
1067,2016-11-19 01:08:32.261534,,,,,,f,,question,1,530,"",""
1140,2016-11-19 01:08:36.522903,,,,,,f,,question,2,574,"",""
323,2016-11-19 01:07:46.784261,,,,,,f,,question,2,161,"",""
324,2016-11-19 01:07:46.889098,,,,,,f,,question,2,162,"",""
328,2016-11-19 01:07:47.100002,,,,,,f,,question,2,164,"",""
363,2016-11-19 01:07:49.454416,,,,,,f,,question,1,181,"",""
403,2016-11-19 01:07:51.770045,,,,,,f,,question,2,203,"",""
527,2016-11-19 01:07:59.049164,,,,,,f,,question,1,262,"",""
530,2016-11-19 01:07:59.228093,,,,,,f,,question,2,267,"",""
531,2016-11-19 01:07:59.29531,,,,,,f,,question,1,264,"",""
545,2016-11-19 01:08:00.213485,,,,,,f,,question,2,275,"",""
618,2016-11-19 01:08:04.335037,,,,,,f,,question,2,312,"",""
621,2016-11-19 01:08:04.505221,,,,,,f,,question,1,308,"",""
715,2016-11-19 01:08:09.847682,,,,,,f,,question,2,362,"",""
722,2016-11-19 01:08:10.177369,,,,,,f,,question,1,357,"",""
780,2016-11-19 01:08:13.534907,,,,,,f,,question,1,386,"",""
847,2016-11-19 01:08:17.969666,,,,,,f,,question,2,426,"",""
851,2016-11-19 01:08:18.192287,,,,,,f,,question,2,428,"",""
938,2016-11-19 01:08:24.16518,,,,,,f,,question,1,466,"",""
987,2016-11-19 01:08:27.543703,,,,,,f,,question,2,497,"",""
1016,2016-11-19 01:08:29.266739,,,,,,f,,question,1,505,"",""
1048,2016-11-19 01:08:31.109135,,,,,,f,,question,2,528,"",""
1055,2016-11-19 01:08:31.562424,,,,,,f,,question,1,524,"",""
1058,2016-11-19 01:08:31.757427,,,,,,f,,question,2,533,"",""
1082,2016-11-19 01:08:33.137509,,,,,,f,,question,2,545,"",""
1087,2016-11-19 01:08:33.357947,,,,,,f,,question,1,540,"",""
325,2016-11-19 01:07:46.893281,,,,,,f,,question,1,163,"",""
368,2016-11-19 01:07:49.771086,,,,,,f,,question,2,185,"",""
443,2016-11-19 01:07:54.037252,,,,,,f,,question,2,223,"",""
511,2016-11-19 01:07:58.196267,,,,,,f,,question,1,254,"",""
523,2016-11-19 01:07:58.828408,,,,,,f,,question,1,260,"",""
590,2016-11-19 01:08:02.749644,,,,,,f,,question,1,293,"",""
601,2016-11-19 01:08:03.330856,,,,,,f,,question,2,303,"",""
649,2016-11-19 01:08:06.208547,,,,,,f,,question,1,321,"",""
658,2016-11-19 01:08:06.75926,,,,,,f,,question,2,333,"",""
781,2016-11-19 01:08:13.576837,,,,,,f,,question,2,395,"",""
917,2016-11-19 01:08:22.458683,,,,,,f,,question,1,455,"",""
939,2016-11-19 01:08:24.186582,,,,,,f,,question,2,473,"",""
978,2016-11-19 01:08:27.060022,,,,,,f,,question,2,493,"",""
1013,2016-11-19 01:08:29.0105,,,,,,f,,question,2,510,"",""
1039,2016-11-19 01:08:30.554831,,,,,,f,,question,2,523,"",""
1042,2016-11-19 01:08:30.710799,,,,,,f,,question,1,518,"",""
1059,2016-11-19 01:08:31.784979,,,,,,f,,question,1,526,"",""
1062,2016-11-19 01:08:32.017929,,,,,,f,,question,2,535,"",""
1099,2016-11-19 01:08:34.06807,,,,,,f,,question,1,546,"",""
1103,2016-11-19 01:08:34.348247,,,,,,f,,question,1,548,"",""
343,2016-11-19 01:07:47.913001,,,,,,f,,question,1,172,"",""
347,2016-11-19 01:07:48.122098,,,,,,f,,question,1,174,"",""
390,2016-11-19 01:07:51.049121,,,,,,f,,question,1,194,"",""
411,2016-11-19 01:07:52.241585,,,,,,f,,question,1,205,"",""
412,2016-11-19 01:07:52.318612,,,,,,f,,question,2,207,"",""
413,2016-11-19 01:07:52.356454,,,,,,f,,question,1,206,"",""
415,2016-11-19 01:07:52.464578,,,,,,f,,question,1,207,"",""
522,2016-11-19 01:07:58.78288,,,,,,f,,question,2,263,"",""
582,2016-11-19 01:08:02.324581,,,,,,f,,question,1,289,"",""
616,2016-11-19 01:08:04.227453,,,,,,f,,question,2,311,"",""
635,2016-11-19 01:08:05.330973,,,,,,f,,question,2,321,"",""
775,2016-11-19 01:08:13.262466,,,,,,f,,question,2,392,"",""
807,2016-11-19 01:08:15.748119,,,,,,f,,question,1,402,"",""
813,2016-11-19 01:08:16.074219,,,,,,f,,question,1,405,"",""
837,2016-11-19 01:08:17.411122,,,,,,f,,question,1,417,"",""
840,2016-11-19 01:08:17.551953,,,,,,f,,question,2,422,"",""
842,2016-11-19 01:08:17.661351,,,,,,f,,question,2,423,"",""
844,2016-11-19 01:08:17.76294,,,,,,f,,question,2,424,"",""
887,2016-11-19 01:08:20.434948,,,,,,f,,question,1,440,"",""
943,2016-11-19 01:08:24.394792,,,,,,f,,question,2,475,"",""
1010,2016-11-19 01:08:28.877119,,,,,,f,,question,1,502,"",""
1034,2016-11-19 01:08:30.271479,,,,,,f,,question,1,514,"",""
1041,2016-11-19 01:08:30.660581,,,,,,f,,question,2,524,"",""
1105,2016-11-19 01:08:34.452592,,,,,,f,,question,1,549,"",""
1136,2016-11-19 01:08:36.204519,,,,,,f,,question,1,564,"",""
1146,2016-11-19 01:08:36.921526,,,,,,f,,question,2,577,"",""
346,2016-11-19 01:07:48.076978,,,,,,f,,question,2,173,"",""
348,2016-11-19 01:07:48.185004,,,,,,f,,question,2,174,"",""
389,2016-11-19 01:07:51.016107,,,,,,f,,question,2,196,"",""
449,2016-11-19 01:07:54.370518,,,,,,f,,question,2,226,"",""
451,2016-11-19 01:07:54.478208,,,,,,f,,question,2,227,"",""
454,2016-11-19 01:07:54.589002,,,,,,f,,question,1,226,"",""
476,2016-11-19 01:07:55.991453,,,,,,f,,question,2,239,"",""
497,2016-11-19 01:07:57.344864,,,,,,f,,question,1,247,"",""
638,2016-11-19 01:08:05.460958,,,,,,f,,question,1,316,"",""
644,2016-11-19 01:08:05.83541,,,,,,f,,question,1,319,"",""
645,2016-11-19 01:08:05.9792,,,,,,f,,question,2,326,"",""
648,2016-11-19 01:08:06.205974,,,,,,f,,question,2,328,"",""
681,2016-11-19 01:08:07.953376,,,,,,f,,question,1,337,"",""
693,2016-11-19 01:08:08.658167,,,,,,f,,question,1,343,"",""
695,2016-11-19 01:08:08.763862,,,,,,f,,question,1,344,"",""
697,2016-11-19 01:08:08.86958,,,,,,f,,question,1,345,"",""
698,2016-11-19 01:08:08.900833,,,,,,f,,question,2,353,"",""
766,2016-11-19 01:08:12.78905,,,,,,f,,question,1,379,"",""
794,2016-11-19 01:08:14.293774,,,,,,f,,question,1,393,"",""
863,2016-11-19 01:08:18.871707,,,,,,f,,question,2,434,"",""
890,2016-11-19 01:08:20.642613,,,,,,f,,question,2,449,"",""
952,2016-11-19 01:08:25.007584,,,,,,f,,question,2,480,"",""
956,2016-11-19 01:08:25.285302,,,,,,f,,question,1,475,"",""
960,2016-11-19 01:08:25.697218,,,,,,f,,question,1,477,"",""
981,2016-11-19 01:08:27.190527,,,,,,f,,question,2,494,"",""
1021,2016-11-19 01:08:29.516285,,,,,,f,,question,1,507,"",""
1069,2016-11-19 01:08:32.366462,,,,,,f,,question,1,531,"",""
1100,2016-11-19 01:08:34.189997,,,,,,f,,question,2,554,"",""
1147,2016-11-19 01:08:36.934282,,,,,,f,,question,1,570,"",""
358,2016-11-19 01:07:49.227971,,,,,,f,,question,2,180,"",""
380,2016-11-19 01:07:50.470431,,,,,,f,,question,1,189,"",""
386,2016-11-19 01:07:50.805914,,,,,,f,,question,1,192,"",""
510,2016-11-19 01:07:58.056111,,,,,,f,,question,1,253,"",""
565,2016-11-19 01:08:01.31575,,,,,,f,,question,1,280,"",""
587,2016-11-19 01:08:02.56833,,,,,,f,,question,2,296,"",""
589,2016-11-19 01:08:02.677015,,,,,,f,,question,2,297,"",""
774,2016-11-19 01:08:13.222742,,,,,,f,,question,1,383,"",""
898,2016-11-19 01:08:21.177011,,,,,,f,,question,2,453,"",""
901,2016-11-19 01:08:21.342047,,,,,,f,,question,1,447,"",""
915,2016-11-19 01:08:22.34875,,,,,,f,,question,1,454,"",""
916,2016-11-19 01:08:22.371733,,,,,,f,,question,2,462,"",""
922,2016-11-19 01:08:22.762662,,,,,,f,,question,2,465,"",""
972,2016-11-19 01:08:26.585047,,,,,,f,,question,2,490,"",""
1008,2016-11-19 01:08:28.758317,,,,,,f,,question,1,501,"",""
1035,2016-11-19 01:08:30.345595,,,,,,f,,question,2,521,"",""
1044,2016-11-19 01:08:30.827365,,,,,,f,,question,1,519,"",""
1051,2016-11-19 01:08:31.324298,,,,,,f,,question,1,522,"",""
1072,2016-11-19 01:08:32.57295,,,,,,f,,question,2,540,"",""
1077,2016-11-19 01:08:32.815625,,,,,,f,,question,1,535,"",""
1080,2016-11-19 01:08:33.034679,,,,,,f,,question,1,537,"",""
1118,2016-11-19 01:08:35.193555,,,,,,f,,question,2,563,"",""
1144,2016-11-19 01:08:36.782845,,,,,,f,,question,1,569,"",""
1153,2016-11-19 01:08:37.346117,,,,,,f,,question,1,573,"",""
1157,2016-11-19 01:08:37.584877,,,,,,f,,question,1,575,"",""
370,2016-11-19 01:07:49.873448,,,,,,f,,question,2,186,"",""
378,2016-11-19 01:07:50.306177,,,,,,f,,question,2,190,"",""
381,2016-11-19 01:07:50.584289,,,,,,f,,question,2,192,"",""
384,2016-11-19 01:07:50.694829,,,,,,f,,question,2,193,"",""
436,2016-11-19 01:07:53.602806,,,,,,f,,question,2,219,"",""
656,2016-11-19 01:08:06.639234,,,,,,f,,question,2,332,"",""
701,2016-11-19 01:08:09.087811,,,,,,f,,question,1,347,"",""
716,2016-11-19 01:08:09.861126,,,,,,f,,question,1,354,"",""
737,2016-11-19 01:08:11.117647,,,,,,f,,question,2,373,"",""
744,2016-11-19 01:08:11.550675,,,,,,f,,question,1,368,"",""
757,2016-11-19 01:08:12.312312,,,,,,f,,question,2,383,"",""
759,2016-11-19 01:08:12.425981,,,,,,f,,question,2,384,"",""
771,2016-11-19 01:08:13.057883,,,,,,f,,question,2,390,"",""
772,2016-11-19 01:08:13.118806,,,,,,f,,question,1,382,"",""
773,2016-11-19 01:08:13.159688,,,,,,f,,question,2,391,"",""
782,2016-11-19 01:08:13.638039,,,,,,f,,question,1,387,"",""
805,2016-11-19 01:08:15.641475,,,,,,f,,question,1,401,"",""
806,2016-11-19 01:08:15.709097,,,,,,f,,question,2,405,"",""
808,2016-11-19 01:08:15.817078,,,,,,f,,question,2,406,"",""
877,2016-11-19 01:08:19.836741,,,,,,f,,question,1,435,"",""
953,2016-11-19 01:08:25.034382,,,,,,f,,question,1,473,"",""
961,2016-11-19 01:08:25.745415,,,,,,f,,question,2,484,"",""
963,2016-11-19 01:08:25.869639,,,,,,f,,question,2,485,"",""
975,2016-11-19 01:08:26.768322,,,,,,f,,question,2,491,"",""
983,2016-11-19 01:08:27.315598,,,,,,f,,question,1,488,"",""
1005,2016-11-19 01:08:28.538031,,,,,,f,,question,1,499,"",""
1032,2016-11-19 01:08:30.159023,,,,,,f,,question,1,513,"",""
1126,2016-11-19 01:08:35.641106,,,,,,f,,question,1,559,"",""
1158,2016-11-19 01:08:37.606972,,,,,,f,,question,2,583,"",""
374,2016-11-19 01:07:50.092848,,,,,,f,,question,2,188,"",""
375,2016-11-19 01:07:50.121935,,,,,,f,,question,1,187,"",""
399,2016-11-19 01:07:51.540867,,,,,,f,,question,2,201,"",""
549,2016-11-19 01:08:00.432312,,,,,,f,,question,2,277,"",""
617,2016-11-19 01:08:04.25916,,,,,,f,,question,1,306,"",""
622,2016-11-19 01:08:04.546556,,,,,,f,,question,2,314,"",""
623,2016-11-19 01:08:04.627213,,,,,,f,,question,1,309,"",""
750,2016-11-19 01:08:11.917476,,,,,,f,,question,1,371,"",""
753,2016-11-19 01:08:12.101393,,,,,,f,,question,2,381,"",""
754,2016-11-19 01:08:12.14338,,,,,,f,,question,1,373,"",""
797,2016-11-19 01:08:14.399953,,,,,,f,,question,2,403,"",""
811,2016-11-19 01:08:15.970918,,,,,,f,,question,1,404,"",""
867,2016-11-19 01:08:19.093389,,,,,,f,,question,2,436,"",""
900,2016-11-19 01:08:21.290052,,,,,,f,,question,2,454,"",""
936,2016-11-19 01:08:24.056476,,,,,,f,,question,1,465,"",""
973,2016-11-19 01:08:26.593075,,,,,,f,,question,1,483,"",""
976,2016-11-19 01:08:26.950936,,,,,,f,,question,2,492,"",""
979,2016-11-19 01:08:27.060686,,,,,,f,,question,1,486,"",""
1128,2016-11-19 01:08:35.750435,,,,,,f,,question,1,560,"",""
391,2016-11-19 01:07:51.126357,,,,,,f,,question,2,197,"",""
473,2016-11-19 01:07:55.87824,,,,,,f,,question,1,236,"",""
475,2016-11-19 01:07:55.986313,,,,,,f,,question,1,237,"",""
489,2016-11-19 01:07:56.717487,,,,,,f,,question,2,246,"",""
551,2016-11-19 01:08:00.538083,,,,,,f,,question,2,278,"",""
643,2016-11-19 01:08:05.823007,,,,,,f,,question,2,325,"",""
652,2016-11-19 01:08:06.427316,,,,,,f,,question,2,330,"",""
660,2016-11-19 01:08:06.860268,,,,,,f,,question,2,334,"",""
661,2016-11-19 01:08:06.880617,,,,,,f,,question,1,327,"",""
665,2016-11-19 01:08:07.089883,,,,,,f,,question,1,329,"",""
666,2016-11-19 01:08:07.178999,,,,,,f,,question,2,337,"",""
669,2016-11-19 01:08:07.317037,,,,,,f,,question,1,331,"",""
671,2016-11-19 01:08:07.421509,,,,,,f,,question,1,332,"",""
690,2016-11-19 01:08:08.457225,,,,,,f,,question,2,349,"",""
691,2016-11-19 01:08:08.549153,,,,,,f,,question,1,342,"",""
828,2016-11-19 01:08:16.881891,,,,,,f,,question,1,412,"",""
831,2016-11-19 01:08:17.080971,,,,,,f,,question,2,418,"",""
870,2016-11-19 01:08:19.396704,,,,,,f,,question,1,432,"",""
903,2016-11-19 01:08:21.503571,,,,,,f,,question,1,448,"",""
949,2016-11-19 01:08:24.781099,,,,,,f,,question,2,478,"",""
992,2016-11-19 01:08:27.843792,,,,,,f,,question,1,493,"",""
1006,2016-11-19 01:08:28.633588,,,,,,f,,question,2,507,"",""
1011,2016-11-19 01:08:28.890857,,,,,,f,,question,2,509,"",""
1012,2016-11-19 01:08:28.99699,,,,,,f,,question,1,503,"",""
1030,2016-11-19 01:08:30.053649,,,,,,f,,question,1,512,"",""
1031,2016-11-19 01:08:30.133586,,,,,,f,,question,2,519,"",""
1076,2016-11-19 01:08:32.789133,,,,,,f,,question,2,542,"",""
1110,2016-11-19 01:08:34.768464,,,,,,f,,question,2,559,"",""
394,2016-11-19 01:07:51.260635,,,,,,f,,question,1,196,"",""
395,2016-11-19 01:07:51.334482,,,,,,f,,question,2,199,"",""
490,2016-11-19 01:07:56.760545,,,,,,f,,question,1,244,"",""
492,2016-11-19 01:07:56.886186,,,,,,f,,question,1,245,"",""
499,2016-11-19 01:07:57.455681,,,,,,f,,question,1,248,"",""
525,2016-11-19 01:07:58.934419,,,,,,f,,question,1,261,"",""
526,2016-11-19 01:07:58.98988,,,,,,f,,question,2,265,"",""
533,2016-11-19 01:07:59.5338,,,,,,f,,question,1,265,"",""
566,2016-11-19 01:08:01.38767,,,,,,f,,question,2,286,"",""
572,2016-11-19 01:08:01.728529,,,,,,f,,question,2,289,"",""
583,2016-11-19 01:08:02.350425,,,,,,f,,question,2,294,"",""
598,2016-11-19 01:08:03.17784,,,,,,f,,question,1,297,"",""
602,2016-11-19 01:08:03.392586,,,,,,f,,question,1,299,"",""
675,2016-11-19 01:08:07.625295,,,,,,f,,question,1,334,"",""
683,2016-11-19 01:08:08.05992,,,,,,f,,question,1,338,"",""
707,2016-11-19 01:08:09.434514,,,,,,f,,question,2,358,"",""
906,2016-11-19 01:08:21.676182,,,,,,f,,question,2,457,"",""
1001,2016-11-19 01:08:28.290603,,,,,,f,,question,1,497,"",""
1003,2016-11-19 01:08:28.425833,,,,,,f,,question,1,498,"",""
1066,2016-11-19 01:08:32.241879,,,,,,f,,question,2,537,"",""
1071,2016-11-19 01:08:32.473255,,,,,,f,,question,1,532,"",""
1085,2016-11-19 01:08:33.244905,,,,,,f,,question,2,546,"",""
397,2016-11-19 01:07:51.437657,,,,,,f,,question,2,200,"",""
404,2016-11-19 01:07:51.801519,,,,,,f,,question,1,201,"",""
445,2016-11-19 01:07:54.143595,,,,,,f,,question,2,224,"",""
456,2016-11-19 01:07:54.697773,,,,,,f,,question,1,227,"",""
457,2016-11-19 01:07:54.792849,,,,,,f,,question,2,230,"",""
513,2016-11-19 01:07:58.301155,,,,,,f,,question,1,255,"",""
541,2016-11-19 01:07:59.966101,,,,,,f,,question,1,269,"",""
542,2016-11-19 01:07:59.990726,,,,,,f,,question,2,273,"",""
543,2016-11-19 01:08:00.090886,,,,,,f,,question,2,274,"",""
579,2016-11-19 01:08:02.141323,,,,,,f,,question,2,292,"",""
626,2016-11-19 01:08:04.759055,,,,,,f,,question,2,316,"",""
696,2016-11-19 01:08:08.797217,,,,,,f,,question,2,352,"",""
767,2016-11-19 01:08:12.838796,,,,,,f,,question,2,388,"",""
800,2016-11-19 01:08:15.218575,,,,,,f,,question,1,397,"",""
804,2016-11-19 01:08:15.602,,,,,,f,,question,2,404,"",""
819,2016-11-19 01:08:16.44733,,,,,,f,,question,2,412,"",""
874,2016-11-19 01:08:19.66521,,,,,,f,,question,1,434,"",""
888,2016-11-19 01:08:20.536674,,,,,,f,,question,2,448,"",""
1061,2016-11-19 01:08:31.912115,,,,,,f,,question,1,527,"",""
1078,2016-11-19 01:08:32.894414,,,,,,f,,question,2,543,"",""
1098,2016-11-19 01:08:34.007723,,,,,,f,,question,2,553,"",""
1102,2016-11-19 01:08:34.305045,,,,,,f,,question,2,555,"",""
1119,2016-11-19 01:08:35.267722,,,,,,f,,question,1,556,"",""
417,2016-11-19 01:07:52.591302,,,,,,f,,question,1,208,"",""
418,2016-11-19 01:07:52.640421,,,,,,f,,question,2,210,"",""
423,2016-11-19 01:07:52.920364,,,,,,f,,question,1,211,"",""
469,2016-11-19 01:07:55.414515,,,,,,f,,question,2,236,"",""
470,2016-11-19 01:07:55.437205,,,,,,f,,question,1,234,"",""
504,2016-11-19 01:07:57.735161,,,,,,f,,question,2,254,"",""
555,2016-11-19 01:08:00.77555,,,,,,f,,question,1,275,"",""
557,2016-11-19 01:08:00.879317,,,,,,f,,question,1,276,"",""
596,2016-11-19 01:08:03.073042,,,,,,f,,question,1,296,"",""
642,2016-11-19 01:08:05.684972,,,,,,f,,question,1,318,"",""
647,2016-11-19 01:08:06.097928,,,,,,f,,question,2,327,"",""
678,2016-11-19 01:08:07.806164,,,,,,f,,question,2,343,"",""
679,2016-11-19 01:08:07.841327,,,,,,f,,question,1,336,"",""
710,2016-11-19 01:08:09.548478,,,,,,f,,question,1,351,"",""
891,2016-11-19 01:08:20.666511,,,,,,f,,question,1,442,"",""
912,2016-11-19 01:08:22.085954,,,,,,f,,question,2,460,"",""
920,2016-11-19 01:08:22.62507,,,,,,f,,question,2,464,"",""
925,2016-11-19 01:08:22.922415,,,,,,f,,question,1,459,"",""
940,2016-11-19 01:08:24.280763,,,,,,f,,question,1,467,"",""
955,2016-11-19 01:08:25.179441,,,,,,f,,question,2,481,"",""
957,2016-11-19 01:08:25.365885,,,,,,f,,question,2,482,"",""
962,2016-11-19 01:08:25.813507,,,,,,f,,question,1,478,"",""
966,2016-11-19 01:08:26.181413,,,,,,f,,question,2,487,"",""
967,2016-11-19 01:08:26.26435,,,,,,f,,question,1,480,"",""
1017,2016-11-19 01:08:29.274336,,,,,,f,,question,2,512,"",""
1056,2016-11-19 01:08:31.639705,,,,,,f,,question,2,532,"",""
1133,2016-11-19 01:08:36.058446,,,,,,f,,question,2,571,"",""
1137,2016-11-19 01:08:36.294228,,,,,,f,,question,2,573,"",""
432,2016-11-19 01:07:53.382539,,,,,,f,,question,2,217,"",""
494,2016-11-19 01:07:57.12685,,,,,,f,,question,2,249,"",""
500,2016-11-19 01:07:57.522023,,,,,,f,,question,2,252,"",""
520,2016-11-19 01:07:58.674026,,,,,,f,,question,2,262,"",""
524,2016-11-19 01:07:58.88679,,,,,,f,,question,2,264,"",""
532,2016-11-19 01:07:59.338308,,,,,,f,,question,2,268,"",""
535,2016-11-19 01:07:59.641657,,,,,,f,,question,1,266,"",""
537,2016-11-19 01:07:59.747369,,,,,,f,,question,1,267,"",""
538,2016-11-19 01:07:59.787103,,,,,,f,,question,2,271,"",""
563,2016-11-19 01:08:01.2062,,,,,,f,,question,1,279,"",""
564,2016-11-19 01:08:01.280806,,,,,,f,,question,2,285,"",""
664,2016-11-19 01:08:07.078057,,,,,,f,,question,2,336,"",""
729,2016-11-19 01:08:10.637208,,,,,,f,,question,2,369,"",""
736,2016-11-19 01:08:11.076487,,,,,,f,,question,1,364,"",""
854,2016-11-19 01:08:18.324301,,,,,,f,,question,2,429,"",""
860,2016-11-19 01:08:18.673765,,,,,,f,,question,1,428,"",""
861,2016-11-19 01:08:18.767895,,,,,,f,,question,2,433,"",""
864,2016-11-19 01:08:18.927172,,,,,,f,,question,1,430,"",""
885,2016-11-19 01:08:20.321012,,,,,,f,,question,2,446,"",""
1015,2016-11-19 01:08:29.120247,,,,,,f,,question,1,504,"",""
1020,2016-11-19 01:08:29.495506,,,,,,f,,question,2,514,"",""
1022,2016-11-19 01:08:29.615143,,,,,,f,,question,2,515,"",""
1026,2016-11-19 01:08:29.833813,,,,,,f,,question,1,510,"",""
1027,2016-11-19 01:08:29.925408,,,,,,f,,question,2,517,"",""
1141,2016-11-19 01:08:36.558781,,,,,,f,,question,1,567,"",""
1151,2016-11-19 01:08:37.21607,,,,,,f,,question,1,572,"",""
1156,2016-11-19 01:08:37.495864,,,,,,f,,question,2,582,"",""
1161,2016-11-19 01:08:37.800154,,,,,,f,,question,1,577,"",""
1162,2016-11-19 01:08:37.821474,,,,,,f,,question,2,585,"",""
1163,2016-11-19 01:08:37.907336,,,,,,f,,question,1,578,"",""
1164,2016-11-19 01:08:37.926693,,,,,,f,,question,2,586,"",""
1165,2016-11-19 01:08:38.016212,,,,,,f,,question,1,579,"",""
1166,2016-11-19 01:08:38.035575,,,,,,f,,question,2,587,"",""
1167,2016-11-19 01:08:38.123167,,,,,,f,,question,1,580,"",""
1168,2016-11-19 01:08:38.143365,,,,,,f,,question,2,588,"",""
1169,2016-11-19 01:08:38.224628,,,,,,f,,question,1,581,"",""
1170,2016-11-19 01:08:38.246786,,,,,,f,,question,2,589,"",""
1171,2016-11-19 01:08:38.335036,,,,,,f,,question,1,582,"",""
1172,2016-11-19 01:08:38.35137,,,,,,f,,question,2,590,"",""
1173,2016-11-19 01:08:38.444428,,,,,,f,,question,1,583,"",""
1174,2016-11-19 01:08:38.460107,,,,,,f,,question,2,591,"",""
1175,2016-11-19 01:08:38.562247,,,,,,f,,question,1,584,"",""
1176,2016-11-19 01:08:38.560622,,,,,,f,,question,2,592,"",""
1177,2016-11-19 01:08:38.667467,,,,,,f,,question,2,593,"",""
1178,2016-11-19 01:08:38.674009,,,,,,f,,question,1,585,"",""
1179,2016-11-19 01:08:38.785787,,,,,,f,,question,1,586,"",""
1180,2016-11-19 01:08:38.795397,,,,,,f,,question,2,594,"",""
1181,2016-11-19 01:08:38.894932,,,,,,f,,question,1,587,"",""
1182,2016-11-19 01:08:38.903255,,,,,,f,,question,2,595,"",""
1183,2016-11-19 01:08:39.003543,,,,,,f,,question,1,588,"",""
1184,2016-11-19 01:08:39.013144,,,,,,f,,question,2,596,"",""
1185,2016-11-19 01:08:39.109145,,,,,,f,,question,1,589,"",""
1186,2016-11-19 01:08:39.117496,,,,,,f,,question,2,597,"",""
1187,2016-11-19 01:08:39.220525,,,,,,f,,question,1,590,"",""
1188,2016-11-19 01:08:39.225042,,,,,,f,,question,2,598,"",""
1189,2016-11-19 01:08:39.322262,,,,,,f,,question,1,591,"",""
1190,2016-11-19 01:08:39.341925,,,,,,f,,question,2,599,"",""
1191,2016-11-19 01:08:39.453485,,,,,,f,,question,2,600,"",""
1192,2016-11-19 01:08:39.47361,,,,,,f,,question,1,592,"",""
1193,2016-11-19 01:08:39.556811,,,,,,f,,question,2,601,"",""
1194,2016-11-19 01:08:39.668036,,,,,,f,,question,2,602,"",""
1195,2016-11-19 01:08:39.734667,,,,,,f,,question,1,593,"",""
1196,2016-11-19 01:08:39.769992,,,,,,f,,question,2,603,"",""
1197,2016-11-19 01:08:39.904348,,,,,,f,,question,1,594,"",""
1198,2016-11-19 01:08:39.91731,,,,,,f,,question,2,604,"",""
1199,2016-11-19 01:08:40.092395,,,,,,f,,question,1,595,"",""
1200,2016-11-19 01:08:40.150288,,,,,,f,,question,2,605,"",""
1201,2016-11-19 01:08:40.201571,,,,,,f,,question,1,596,"",""
1202,2016-11-19 01:08:40.251437,,,,,,f,,question,2,606,"",""
1203,2016-11-19 01:08:40.311262,,,,,,f,,question,1,597,"",""
1204,2016-11-19 01:08:40.396237,,,,,,f,,question,2,607,"",""
1205,2016-11-19 01:08:40.436326,,,,,,f,,question,1,598,"",""
1206,2016-11-19 01:08:40.49929,,,,,,f,,question,2,608,"",""
1207,2016-11-19 01:08:40.552919,,,,,,f,,question,1,599,"",""
1208,2016-11-19 01:08:40.648707,,,,,,f,,question,2,609,"",""
1209,2016-11-19 01:08:40.686655,,,,,,f,,question,1,600,"",""
1210,2016-11-19 01:08:40.753683,,,,,,f,,question,2,610,"",""
1211,2016-11-19 01:08:40.800504,,,,,,f,,question,1,601,"",""
1212,2016-11-19 01:08:40.855118,,,,,,f,,question,2,611,"",""
1213,2016-11-19 01:08:40.904069,,,,,,f,,question,1,602,"",""
1214,2016-11-19 01:08:40.968805,,,,,,f,,question,2,612,"",""
1215,2016-11-19 01:08:41.01396,,,,,,f,,question,1,603,"",""
1216,2016-11-19 01:08:41.074449,,,,,,f,,question,2,613,"",""
1217,2016-11-19 01:08:41.122204,,,,,,f,,question,1,604,"",""
1218,2016-11-19 01:08:41.181482,,,,,,f,,question,2,614,"",""
1219,2016-11-19 01:08:41.241021,,,,,,f,,question,1,605,"",""
1220,2016-11-19 01:08:41.296905,,,,,,f,,question,2,615,"",""
1221,2016-11-19 01:08:41.360873,,,,,,f,,question,1,606,"",""
1222,2016-11-19 01:08:41.442998,,,,,,f,,question,2,616,"",""
1223,2016-11-19 01:08:41.561542,,,,,,f,,question,2,617,"",""
1224,2016-11-19 01:08:41.582888,,,,,,f,,question,1,607,"",""
1225,2016-11-19 01:08:41.664253,,,,,,f,,question,2,618,"",""
1226,2016-11-19 01:08:41.698575,,,,,,f,,question,1,608,"",""
1227,2016-11-19 01:08:41.767292,,,,,,f,,question,2,619,"",""
1228,2016-11-19 01:08:41.808199,,,,,,f,,question,1,609,"",""
1229,2016-11-19 01:08:41.872143,,,,,,f,,question,2,620,"",""
1230,2016-11-19 01:08:41.909684,,,,,,f,,question,1,610,"",""
1231,2016-11-19 01:08:41.975874,,,,,,f,,question,2,621,"",""
1232,2016-11-19 01:08:42.029658,,,,,,f,,question,1,611,"",""
1233,2016-11-19 01:08:42.083596,,,,,,f,,question,2,622,"",""
1234,2016-11-19 01:08:42.161213,,,,,,f,,question,1,612,"",""
1235,2016-11-19 01:08:42.205503,,,,,,f,,question,2,623,"",""
1236,2016-11-19 01:08:42.275835,,,,,,f,,question,1,613,"",""
1237,2016-11-19 01:08:42.336783,,,,,,f,,question,2,624,"",""
1238,2016-11-19 01:08:42.384158,,,,,,f,,question,1,614,"",""
1239,2016-11-19 01:08:42.464369,,,,,,f,,question,2,625,"",""
1240,2016-11-19 01:08:42.491307,,,,,,f,,question,1,615,"",""
1241,2016-11-19 01:08:42.573273,,,,,,f,,question,2,626,"",""
1243,2016-11-19 01:08:42.67558,,,,,,f,,question,2,627,"",""
1271,2016-11-19 01:08:44.2534,,,,,,f,,question,2,641,"",""
1306,2016-11-19 01:08:46.142968,,,,,,f,,question,2,659,"",""
1313,2016-11-19 01:08:46.570159,,,,,,f,,question,2,663,"",""
1420,2016-11-19 01:08:52.811283,,,,,,f,,question,2,717,"",""
1434,2016-11-19 01:08:53.668467,,,,,,f,,question,2,724,"",""
1437,2016-11-19 01:08:53.8246,,,,,,f,,question,1,712,"",""
1514,2016-11-19 01:09:00.360408,,,,,,f,,question,1,765,"",""
1516,2016-11-19 01:09:00.710126,,,,,,f,,question,1,767,"",""
1559,2016-11-19 01:09:05.458579,,,,,,f,,question,1,810,"",""
1564,2016-11-19 01:09:06.052914,,,,,,f,,question,1,815,"",""
1575,2016-11-19 01:09:07.221729,,,,,,f,,question,1,826,"",""
1608,2016-11-19 01:09:10.655021,,,,,,f,,question,1,859,"",""
1242,2016-11-19 01:08:42.600498,,,,,,f,,question,1,616,"",""
1249,2016-11-19 01:08:43.040109,,,,,,f,,question,2,630,"",""
1255,2016-11-19 01:08:43.357055,,,,,,f,,question,2,633,"",""
1266,2016-11-19 01:08:43.994568,,,,,,f,,question,1,628,"",""
1318,2016-11-19 01:08:46.792206,,,,,,f,,question,1,653,"",""
1319,2016-11-19 01:08:46.880848,,,,,,f,,question,2,666,"",""
1400,2016-11-19 01:08:51.347847,,,,,,f,,question,2,707,"",""
1402,2016-11-19 01:08:51.45339,,,,,,f,,question,2,708,"",""
1469,2016-11-19 01:08:55.487023,,,,,,f,,question,2,741,"",""
1534,2016-11-19 01:09:02.810158,,,,,,f,,question,1,785,"",""
1537,2016-11-19 01:09:03.114334,,,,,,f,,question,1,788,"",""
1563,2016-11-19 01:09:05.908579,,,,,,f,,question,1,814,"",""
1584,2016-11-19 01:09:08.20202,,,,,,f,,question,1,835,"",""
1244,2016-11-19 01:08:42.703062,,,,,,f,,question,1,617,"",""
1337,2016-11-19 01:08:47.835566,,,,,,f,,question,2,675,"",""
1338,2016-11-19 01:08:47.865573,,,,,,f,,question,1,663,"",""
1342,2016-11-19 01:08:48.075475,,,,,,f,,question,1,665,"",""
1357,2016-11-19 01:08:48.916888,,,,,,f,,question,1,672,"",""
1378,2016-11-19 01:08:50.04524,,,,,,f,,question,2,696,"",""
1379,2016-11-19 01:08:50.097217,,,,,,f,,question,1,683,"",""
1388,2016-11-19 01:08:50.621311,,,,,,f,,question,1,687,"",""
1393,2016-11-19 01:08:50.953333,,,,,,f,,question,2,704,"",""
1416,2016-11-19 01:08:52.607147,,,,,,f,,question,2,715,"",""
1496,2016-11-19 01:08:57.914218,,,,,,f,,question,1,750,"",""
1505,2016-11-19 01:08:59.377971,,,,,,f,,question,1,759,"",""
1517,2016-11-19 01:09:00.86049,,,,,,f,,question,1,768,"",""
1539,2016-11-19 01:09:03.312275,,,,,,f,,question,1,790,"",""
1540,2016-11-19 01:09:03.409496,,,,,,f,,question,1,791,"",""
1541,2016-11-19 01:09:03.507108,,,,,,f,,question,1,792,"",""
1542,2016-11-19 01:09:03.604241,,,,,,f,,question,1,793,"",""
1546,2016-11-19 01:09:04.015501,,,,,,f,,question,1,797,"",""
1547,2016-11-19 01:09:04.119327,,,,,,f,,question,1,798,"",""
1553,2016-11-19 01:09:04.737224,,,,,,f,,question,1,804,"",""
1245,2016-11-19 01:08:42.781966,,,,,,f,,question,2,628,"",""
1251,2016-11-19 01:08:43.149184,,,,,,f,,question,2,631,"",""
1253,2016-11-19 01:08:43.253597,,,,,,f,,question,2,632,"",""
1262,2016-11-19 01:08:43.743527,,,,,,f,,question,1,626,"",""
1267,2016-11-19 01:08:44.008892,,,,,,f,,question,2,639,"",""
1294,2016-11-19 01:08:45.513107,,,,,,f,,question,2,653,"",""
1301,2016-11-19 01:08:45.866917,,,,,,f,,question,1,645,"",""
1358,2016-11-19 01:08:48.992782,,,,,,f,,question,2,686,"",""
1360,2016-11-19 01:08:49.09875,,,,,,f,,question,2,687,"",""
1373,2016-11-19 01:08:49.779354,,,,,,f,,question,1,680,"",""
1374,2016-11-19 01:08:49.842604,,,,,,f,,question,2,694,"",""
1376,2016-11-19 01:08:49.944757,,,,,,f,,question,2,695,"",""
1399,2016-11-19 01:08:51.275335,,,,,,f,,question,1,693,"",""
1429,2016-11-19 01:08:53.382947,,,,,,f,,question,1,708,"",""
1432,2016-11-19 01:08:53.551007,,,,,,f,,question,2,723,"",""
1433,2016-11-19 01:08:53.578956,,,,,,f,,question,1,710,"",""
1435,2016-11-19 01:08:53.67764,,,,,,f,,question,1,711,"",""
1452,2016-11-19 01:08:54.612527,,,,,,f,,question,2,733,"",""
1456,2016-11-19 01:08:54.837086,,,,,,f,,question,1,722,"",""
1600,2016-11-19 01:09:09.827604,,,,,,f,,question,1,851,"",""
1601,2016-11-19 01:09:09.924586,,,,,,f,,question,1,852,"",""
1602,2016-11-19 01:09:10.025503,,,,,,f,,question,1,853,"",""
1246,2016-11-19 01:08:42.810235,,,,,,f,,question,1,618,"",""
1248,2016-11-19 01:08:42.944196,,,,,,f,,question,1,619,"",""
1276,2016-11-19 01:08:44.521742,,,,,,f,,question,1,633,"",""
1282,2016-11-19 01:08:44.852333,,,,,,f,,question,1,636,"",""
1330,2016-11-19 01:08:47.423289,,,,,,f,,question,1,659,"",""
1336,2016-11-19 01:08:47.751284,,,,,,f,,question,1,662,"",""
1356,2016-11-19 01:08:48.88914,,,,,,f,,question,2,685,"",""
1401,2016-11-19 01:08:51.375127,,,,,,f,,question,1,694,"",""
1407,2016-11-19 01:08:51.688529,,,,,,f,,question,1,697,"",""
1421,2016-11-19 01:08:52.942653,,,,,,f,,question,2,718,"",""
1618,2016-11-19 01:09:11.671153,,,,,,f,,question,1,869,"",""
1247,2016-11-19 01:08:42.928969,,,,,,f,,question,2,629,"",""
1250,2016-11-19 01:08:43.049954,,,,,,f,,question,1,620,"",""
1263,2016-11-19 01:08:43.782047,,,,,,f,,question,2,637,"",""
1465,2016-11-19 01:08:55.275272,,,,,,f,,question,2,739,"",""
1473,2016-11-19 01:08:55.715727,,,,,,f,,question,1,730,"",""
1518,2016-11-19 01:09:01.046411,,,,,,f,,question,1,769,"",""
1605,2016-11-19 01:09:10.351365,,,,,,f,,question,1,856,"",""
1626,2016-11-19 01:09:14.668649,,,,,,f,,question,1,3,"",""
1252,2016-11-19 01:08:43.167356,,,,,,f,,question,1,621,"",""
1254,2016-11-19 01:08:43.281926,,,,,,f,,question,1,622,"",""
1279,2016-11-19 01:08:44.677584,,,,,,f,,question,2,645,"",""
1280,2016-11-19 01:08:44.747655,,,,,,f,,question,1,635,"",""
1283,2016-11-19 01:08:44.885263,,,,,,f,,question,2,647,"",""
1325,2016-11-19 01:08:47.19095,,,,,,f,,question,2,669,"",""
1326,2016-11-19 01:08:47.205425,,,,,,f,,question,1,657,"",""
1327,2016-11-19 01:08:47.301761,,,,,,f,,question,2,670,"",""
1344,2016-11-19 01:08:48.183504,,,,,,f,,question,1,666,"",""
1346,2016-11-19 01:08:48.290139,,,,,,f,,question,1,667,"",""
1414,2016-11-19 01:08:52.481843,,,,,,f,,question,1,700,"",""
1431,2016-11-19 01:08:53.481309,,,,,,f,,question,1,709,"",""
1436,2016-11-19 01:08:53.781903,,,,,,f,,question,2,725,"",""
1451,2016-11-19 01:08:54.539825,,,,,,f,,question,1,719,"",""
1481,2016-11-19 01:08:56.215241,,,,,,f,,question,1,735,"",""
1528,2016-11-19 01:09:02.189924,,,,,,f,,question,1,779,"",""
1530,2016-11-19 01:09:02.396389,,,,,,f,,question,1,781,"",""
1544,2016-11-19 01:09:03.805369,,,,,,f,,question,1,795,"",""
1545,2016-11-19 01:09:03.907419,,,,,,f,,question,1,796,"",""
1554,2016-11-19 01:09:04.958422,,,,,,f,,question,1,805,"",""
1573,2016-11-19 01:09:06.998135,,,,,,f,,question,1,824,"",""
1586,2016-11-19 01:09:08.400419,,,,,,f,,question,1,837,"",""
1595,2016-11-19 01:09:09.327262,,,,,,f,,question,1,846,"",""
1597,2016-11-19 01:09:09.528825,,,,,,f,,question,1,848,"",""
1256,2016-11-19 01:08:43.390087,,,,,,f,,question,1,623,"",""
1258,2016-11-19 01:08:43.504977,,,,,,f,,question,1,624,"",""
1261,2016-11-19 01:08:43.682389,,,,,,f,,question,2,636,"",""
1308,2016-11-19 01:08:46.246755,,,,,,f,,question,2,660,"",""
1310,2016-11-19 01:08:46.346775,,,,,,f,,question,2,661,"",""
1312,2016-11-19 01:08:46.470864,,,,,,f,,question,1,650,"",""
1323,2016-11-19 01:08:47.086771,,,,,,f,,question,2,668,"",""
1365,2016-11-19 01:08:49.343437,,,,,,f,,question,1,676,"",""
1426,2016-11-19 01:08:53.173692,,,,,,f,,question,1,706,"",""
1428,2016-11-19 01:08:53.281692,,,,,,f,,question,1,707,"",""
1515,2016-11-19 01:09:00.542167,,,,,,f,,question,1,766,"",""
1551,2016-11-19 01:09:04.54404,,,,,,f,,question,1,802,"",""
1599,2016-11-19 01:09:09.730412,,,,,,f,,question,1,850,"",""
1257,2016-11-19 01:08:43.472048,,,,,,f,,question,2,634,"",""
1287,2016-11-19 01:08:45.089679,,,,,,f,,question,2,649,"",""
1288,2016-11-19 01:08:45.19248,,,,,,f,,question,2,650,"",""
1289,2016-11-19 01:08:45.241201,,,,,,f,,question,1,639,"",""
1290,2016-11-19 01:08:45.306937,,,,,,f,,question,2,651,"",""
1296,2016-11-19 01:08:45.616883,,,,,,f,,question,2,654,"",""
1415,2016-11-19 01:08:52.585093,,,,,,f,,question,1,701,"",""
1524,2016-11-19 01:09:01.768593,,,,,,f,,question,1,775,"",""
1259,2016-11-19 01:08:43.575314,,,,,,f,,question,2,635,"",""
1268,2016-11-19 01:08:44.105569,,,,,,f,,question,1,629,"",""
1305,2016-11-19 01:08:46.108443,,,,,,f,,question,1,647,"",""
1352,2016-11-19 01:08:48.686743,,,,,,f,,question,2,683,"",""
1362,2016-11-19 01:08:49.197631,,,,,,f,,question,2,688,"",""
1363,2016-11-19 01:08:49.227177,,,,,,f,,question,1,675,"",""
1364,2016-11-19 01:08:49.298803,,,,,,f,,question,2,689,"",""
1369,2016-11-19 01:08:49.564434,,,,,,f,,question,1,678,"",""
1385,2016-11-19 01:08:50.508618,,,,,,f,,question,2,700,"",""
1405,2016-11-19 01:08:51.587672,,,,,,f,,question,1,696,"",""
1439,2016-11-19 01:08:53.925907,,,,,,f,,question,1,713,"",""
1520,2016-11-19 01:09:01.341855,,,,,,f,,question,1,771,"",""
1550,2016-11-19 01:09:04.440737,,,,,,f,,question,1,801,"",""
1260,2016-11-19 01:08:43.606112,,,,,,f,,question,1,625,"",""
1341,2016-11-19 01:08:48.046788,,,,,,f,,question,2,677,"",""
1392,2016-11-19 01:08:50.852642,,,,,,f,,question,2,703,"",""
1408,2016-11-19 01:08:51.759096,,,,,,f,,question,2,711,"",""
1413,2016-11-19 01:08:52.481058,,,,,,f,,question,2,714,"",""
1417,2016-11-19 01:08:52.68559,,,,,,f,,question,1,702,"",""
1418,2016-11-19 01:08:52.710441,,,,,,f,,question,2,716,"",""
1526,2016-11-19 01:09:01.971171,,,,,,f,,question,1,777,"",""
1617,2016-11-19 01:09:11.569216,,,,,,f,,question,1,868,"",""
1264,2016-11-19 01:08:43.885441,,,,,,f,,question,1,627,"",""
1333,2016-11-19 01:08:47.616997,,,,,,f,,question,2,673,"",""
1345,2016-11-19 01:08:48.25454,,,,,,f,,question,2,679,"",""
1347,2016-11-19 01:08:48.37867,,,,,,f,,question,2,680,"",""
1380,2016-11-19 01:08:50.158209,,,,,,f,,question,2,697,"",""
1387,2016-11-19 01:08:50.608193,,,,,,f,,question,2,701,"",""
1395,2016-11-19 01:08:51.054873,,,,,,f,,question,2,705,"",""
1409,2016-11-19 01:08:51.797073,,,,,,f,,question,1,698,"",""
1492,2016-11-19 01:08:57.387999,,,,,,f,,question,1,746,"",""
1614,2016-11-19 01:09:11.266385,,,,,,f,,question,1,865,"",""
1615,2016-11-19 01:09:11.369429,,,,,,f,,question,1,866,"",""
1265,2016-11-19 01:08:43.902147,,,,,,f,,question,2,638,"",""
1284,2016-11-19 01:08:44.95733,,,,,,f,,question,1,637,"",""
1304,2016-11-19 01:08:46.039857,,,,,,f,,question,2,658,"",""
1343,2016-11-19 01:08:48.145713,,,,,,f,,question,2,678,"",""
1366,2016-11-19 01:08:49.398833,,,,,,f,,question,2,690,"",""
1371,2016-11-19 01:08:49.676712,,,,,,f,,question,1,679,"",""
1375,2016-11-19 01:08:49.885361,,,,,,f,,question,1,681,"",""
1403,2016-11-19 01:08:51.482812,,,,,,f,,question,1,695,"",""
1406,2016-11-19 01:08:51.650761,,,,,,f,,question,2,710,"",""
1501,2016-11-19 01:08:58.758575,,,,,,f,,question,1,755,"",""
1566,2016-11-19 01:09:06.266874,,,,,,f,,question,1,817,"",""
1616,2016-11-19 01:09:11.469236,,,,,,f,,question,1,867,"",""
1269,2016-11-19 01:08:44.111768,,,,,,f,,question,2,640,"",""
1277,2016-11-19 01:08:44.573877,,,,,,f,,question,2,644,"",""
1309,2016-11-19 01:08:46.334625,,,,,,f,,question,1,649,"",""
1311,2016-11-19 01:08:46.469923,,,,,,f,,question,2,662,"",""
1314,2016-11-19 01:08:46.588724,,,,,,f,,question,1,651,"",""
1464,2016-11-19 01:08:55.235643,,,,,,f,,question,1,726,"",""
1507,2016-11-19 01:08:59.520779,,,,,,f,,question,1,760,"",""
1610,2016-11-19 01:09:10.862641,,,,,,f,,question,1,861,"",""
1270,2016-11-19 01:08:44.211827,,,,,,f,,question,1,630,"",""
1328,2016-11-19 01:08:47.32071,,,,,,f,,question,1,658,"",""
1377,2016-11-19 01:08:49.989993,,,,,,f,,question,1,682,"",""
1381,2016-11-19 01:08:50.295865,,,,,,f,,question,2,698,"",""
1470,2016-11-19 01:08:55.588957,,,,,,f,,question,2,742,"",""
1472,2016-11-19 01:08:55.688942,,,,,,f,,question,2,743,"",""
1486,2016-11-19 01:08:56.716941,,,,,,f,,question,1,740,"",""
1511,2016-11-19 01:08:59.866468,,,,,,f,,question,2,3,"",""
1561,2016-11-19 01:09:05.689284,,,,,,f,,question,1,812,"",""
1272,2016-11-19 01:08:44.315194,,,,,,f,,question,1,631,"",""
1275,2016-11-19 01:08:44.472453,,,,,,f,,question,2,643,"",""
1331,2016-11-19 01:08:47.506824,,,,,,f,,question,2,672,"",""
1332,2016-11-19 01:08:47.537181,,,,,,f,,question,1,660,"",""
1334,2016-11-19 01:08:47.642819,,,,,,f,,question,1,661,"",""
1335,2016-11-19 01:08:47.72101,,,,,,f,,question,2,674,"",""
1367,2016-11-19 01:08:49.452889,,,,,,f,,question,1,677,"",""
1396,2016-11-19 01:08:51.062413,,,,,,f,,question,1,691,"",""
1398,2016-11-19 01:08:51.247071,,,,,,f,,question,2,706,"",""
1440,2016-11-19 01:08:53.992841,,,,,,f,,question,2,727,"",""
1441,2016-11-19 01:08:54.032283,,,,,,f,,question,1,714,"",""
1467,2016-11-19 01:08:55.382602,,,,,,f,,question,2,740,"",""
1506,2016-11-19 01:08:59.515408,,,,,,f,,question,2,1,engagement,5
1525,2016-11-19 01:09:01.872317,,,,,,f,,question,1,776,"",""
1543,2016-11-19 01:09:03.704528,,,,,,f,,question,1,794,"",""
1548,2016-11-19 01:09:04.220513,,,,,,f,,question,1,799,"",""
1552,2016-11-19 01:09:04.642193,,,,,,f,,question,1,803,"",""
1556,2016-11-19 01:09:05.159776,,,,,,f,,question,1,807,"",""
1273,2016-11-19 01:08:44.368833,,,,,,f,,question,2,642,"",""
1281,2016-11-19 01:08:44.777766,,,,,,f,,question,2,646,"",""
1300,2016-11-19 01:08:45.820525,,,,,,f,,question,2,656,"",""
1315,2016-11-19 01:08:46.66835,,,,,,f,,question,2,664,"",""
1317,2016-11-19 01:08:46.774139,,,,,,f,,question,2,665,"",""
1411,2016-11-19 01:08:51.910897,,,,,,f,,question,1,699,"",""
1412,2016-11-19 01:08:51.976744,,,,,,f,,question,2,713,"",""
1531,2016-11-19 01:09:02.4933,,,,,,f,,question,1,782,"",""
1562,2016-11-19 01:09:05.805365,,,,,,f,,question,1,813,"",""
1567,2016-11-19 01:09:06.388086,,,,,,f,,question,1,818,"",""
1569,2016-11-19 01:09:06.598638,,,,,,f,,question,1,820,"",""
1570,2016-11-19 01:09:06.697363,,,,,,f,,question,1,821,"",""
1594,2016-11-19 01:09:09.226838,,,,,,f,,question,1,845,"",""
1604,2016-11-19 01:09:10.230195,,,,,,f,,question,1,855,"",""
1274,2016-11-19 01:08:44.420949,,,,,,f,,question,1,632,"",""
1355,2016-11-19 01:08:48.805716,,,,,,f,,question,1,671,"",""
1443,2016-11-19 01:08:54.131076,,,,,,f,,question,1,715,"",""
1453,2016-11-19 01:08:54.640673,,,,,,f,,question,1,720,"",""
1455,2016-11-19 01:08:54.739053,,,,,,f,,question,1,721,"",""
1458,2016-11-19 01:08:54.935663,,,,,,f,,question,1,723,"",""
1478,2016-11-19 01:08:56.001538,,,,,,f,,question,2,746,"",""
1490,2016-11-19 01:08:57.113293,,,,,,f,,question,1,744,"",""
1497,2016-11-19 01:08:58.100903,,,,,,f,,question,1,751,"",""
1538,2016-11-19 01:09:03.215097,,,,,,f,,question,1,789,"",""
1623,2016-11-19 01:09:12.174131,,,,,,f,,question,1,874,"",""
1278,2016-11-19 01:08:44.645992,,,,,,f,,question,1,634,"",""
1340,2016-11-19 01:08:47.976421,,,,,,f,,question,1,664,"",""
1348,2016-11-19 01:08:48.405438,,,,,,f,,question,1,668,"",""
1359,2016-11-19 01:08:49.022239,,,,,,f,,question,1,673,"",""
1438,2016-11-19 01:08:53.889067,,,,,,f,,question,2,726,"",""
1463,2016-11-19 01:08:55.173941,,,,,,f,,question,2,738,"",""
1474,2016-11-19 01:08:55.790126,,,,,,f,,question,2,744,"",""
1535,2016-11-19 01:09:02.913749,,,,,,f,,question,1,786,"",""
1581,2016-11-19 01:09:07.87529,,,,,,f,,question,1,832,"",""
1582,2016-11-19 01:09:08.001472,,,,,,f,,question,1,833,"",""
1603,2016-11-19 01:09:10.123742,,,,,,f,,question,1,854,"",""
1607,2016-11-19 01:09:10.553702,,,,,,f,,question,1,858,"",""
1609,2016-11-19 01:09:10.757401,,,,,,f,,question,1,860,"",""
1624,2016-11-19 01:09:14.36471,,,,,,f,,question,1,1,engagement,5
1285,2016-11-19 01:08:44.98724,,,,,,f,,question,2,648,"",""
1382,2016-11-19 01:08:50.301674,,,,,,f,,question,1,684,"",""
1384,2016-11-19 01:08:50.404766,,,,,,f,,question,1,685,"",""
1386,2016-11-19 01:08:50.513651,,,,,,f,,question,1,686,"",""
1391,2016-11-19 01:08:50.850153,,,,,,f,,question,1,689,"",""
1446,2016-11-19 01:08:54.301602,,,,,,f,,question,2,730,"",""
1462,2016-11-19 01:08:55.137545,,,,,,f,,question,1,725,"",""
1482,2016-11-19 01:08:56.314106,,,,,,f,,question,1,736,"",""
1549,2016-11-19 01:09:04.338212,,,,,,f,,question,1,800,"",""
1593,2016-11-19 01:09:09.129355,,,,,,f,,question,1,844,"",""
1611,2016-11-19 01:09:10.964106,,,,,,f,,question,1,862,"",""
1286,2016-11-19 01:08:45.069548,,,,,,f,,question,1,638,"",""
1302,2016-11-19 01:08:45.922727,,,,,,f,,question,2,657,"",""
1307,2016-11-19 01:08:46.231543,,,,,,f,,question,1,648,"",""
1316,2016-11-19 01:08:46.688686,,,,,,f,,question,1,652,"",""
1349,2016-11-19 01:08:48.479351,,,,,,f,,question,2,681,"",""
1350,2016-11-19 01:08:48.51396,,,,,,f,,question,1,669,"",""
1351,2016-11-19 01:08:48.580254,,,,,,f,,question,2,682,"",""
1354,2016-11-19 01:08:48.786792,,,,,,f,,question,2,684,"",""
1423,2016-11-19 01:08:53.051046,,,,,,f,,question,2,719,"",""
1444,2016-11-19 01:08:54.192831,,,,,,f,,question,2,729,"",""
1445,2016-11-19 01:08:54.2279,,,,,,f,,question,1,716,"",""
1447,2016-11-19 01:08:54.327292,,,,,,f,,question,1,717,"",""
1450,2016-11-19 01:08:54.510878,,,,,,f,,question,2,732,"",""
1510,2016-11-19 01:08:59.863273,,,,,,f,,question,1,762,"",""
1512,2016-11-19 01:09:00.043046,,,,,,f,,question,1,763,"",""
1513,2016-11-19 01:09:00.200565,,,,,,f,,question,1,764,"",""
1291,2016-11-19 01:08:45.351324,,,,,,f,,question,1,640,"",""
1293,2016-11-19 01:08:45.455642,,,,,,f,,question,1,641,"",""
1324,2016-11-19 01:08:47.103216,,,,,,f,,question,1,656,"",""
1361,2016-11-19 01:08:49.127075,,,,,,f,,question,1,674,"",""
1390,2016-11-19 01:08:50.740753,,,,,,f,,question,2,702,"",""
1442,2016-11-19 01:08:54.094895,,,,,,f,,question,2,728,"",""
1449,2016-11-19 01:08:54.440988,,,,,,f,,question,1,718,"",""
1488,2016-11-19 01:08:56.91694,,,,,,f,,question,1,742,"",""
1585,2016-11-19 01:09:08.301721,,,,,,f,,question,1,836,"",""
1292,2016-11-19 01:08:45.411201,,,,,,f,,question,2,652,"",""
1295,2016-11-19 01:08:45.558174,,,,,,f,,question,1,642,"",""
1339,2016-11-19 01:08:47.943001,,,,,,f,,question,2,676,"",""
1397,2016-11-19 01:08:51.172489,,,,,,f,,question,1,692,"",""
1568,2016-11-19 01:09:06.48924,,,,,,f,,question,1,819,"",""
1571,2016-11-19 01:09:06.798251,,,,,,f,,question,1,822,"",""
1578,2016-11-19 01:09:07.529219,,,,,,f,,question,1,829,"",""
1580,2016-11-19 01:09:07.77498,,,,,,f,,question,1,831,"",""
1612,2016-11-19 01:09:11.064999,,,,,,f,,question,1,863,"",""
1613,2016-11-19 01:09:11.163322,,,,,,f,,question,1,864,"",""
1625,2016-11-19 01:09:14.567059,,,,,,f,,question,1,2,difficulty,5
1297,2016-11-19 01:08:45.656788,,,,,,f,,question,1,643,"",""
1298,2016-11-19 01:08:45.717384,,,,,,f,,question,2,655,"",""
1299,2016-11-19 01:08:45.760751,,,,,,f,,question,1,644,"",""
1419,2016-11-19 01:08:52.788422,,,,,,f,,question,1,703,"",""
1430,2016-11-19 01:08:53.405994,,,,,,f,,question,2,722,"",""
1557,2016-11-19 01:09:05.256842,,,,,,f,,question,1,808,"",""
1565,2016-11-19 01:09:06.165565,,,,,,f,,question,1,816,"",""
1574,2016-11-19 01:09:07.099024,,,,,,f,,question,1,825,"",""
1303,2016-11-19 01:08:45.96832,,,,,,f,,question,1,646,"",""
1368,2016-11-19 01:08:49.506556,,,,,,f,,question,2,691,"",""
1370,2016-11-19 01:08:49.634183,,,,,,f,,question,2,692,"",""
1404,2016-11-19 01:08:51.553967,,,,,,f,,question,2,709,"",""
1448,2016-11-19 01:08:54.403058,,,,,,f,,question,2,731,"",""
1466,2016-11-19 01:08:55.333879,,,,,,f,,question,1,727,"",""
1480,2016-11-19 01:08:56.117406,,,,,,f,,question,1,734,"",""
1500,2016-11-19 01:08:58.606257,,,,,,f,,question,1,754,"",""
1504,2016-11-19 01:08:59.186263,,,,,,f,,question,1,758,"",""
1523,2016-11-19 01:09:01.647855,,,,,,f,,question,1,774,"",""
1558,2016-11-19 01:09:05.357602,,,,,,f,,question,1,809,"",""
1572,2016-11-19 01:09:06.896674,,,,,,f,,question,1,823,"",""
1590,2016-11-19 01:09:08.827241,,,,,,f,,question,1,841,"",""
1621,2016-11-19 01:09:11.9702,,,,,,f,,question,1,872,"",""
1320,2016-11-19 01:08:46.895676,,,,,,f,,question,1,654,"",""
1321,2016-11-19 01:08:46.979631,,,,,,f,,question,2,667,"",""
1353,2016-11-19 01:08:48.697204,,,,,,f,,question,1,670,"",""
1410,2016-11-19 01:08:51.865054,,,,,,f,,question,2,712,"",""
1322,2016-11-19 01:08:47.002458,,,,,,f,,question,1,655,"",""
1394,2016-11-19 01:08:50.960893,,,,,,f,,question,1,690,"",""
1468,2016-11-19 01:08:55.453246,,,,,,f,,question,1,728,"",""
1479,2016-11-19 01:08:56.014501,,,,,,f,,question,1,733,"",""
1498,2016-11-19 01:08:58.275194,,,,,,f,,question,1,752,"",""
1591,2016-11-19 01:09:08.932249,,,,,,f,,question,1,842,"",""
1592,2016-11-19 01:09:09.030345,,,,,,f,,question,1,843,"",""
1329,2016-11-19 01:08:47.404929,,,,,,f,,question,2,671,"",""
1491,2016-11-19 01:08:57.280635,,,,,,f,,question,1,745,"",""
1527,2016-11-19 01:09:02.083477,,,,,,f,,question,1,778,"",""
1529,2016-11-19 01:09:02.290355,,,,,,f,,question,1,780,"",""
1372,2016-11-19 01:08:49.741602,,,,,,f,,question,2,693,"",""
1383,2016-11-19 01:08:50.391362,,,,,,f,,question,2,699,"",""
1389,2016-11-19 01:08:50.732208,,,,,,f,,question,1,688,"",""
1499,2016-11-19 01:08:58.432122,,,,,,f,,question,1,753,"",""
1532,2016-11-19 01:09:02.595255,,,,,,f,,question,1,783,"",""
1555,2016-11-19 01:09:05.058921,,,,,,f,,question,1,806,"",""
1596,2016-11-19 01:09:09.425952,,,,,,f,,question,1,847,"",""
1606,2016-11-19 01:09:10.452462,,,,,,f,,question,1,857,"",""
1422,2016-11-19 01:08:52.969083,,,,,,f,,question,1,704,"",""
1424,2016-11-19 01:08:53.066735,,,,,,f,,question,1,705,"",""
1425,2016-11-19 01:08:53.1562,,,,,,f,,question,2,720,"",""
1427,2016-11-19 01:08:53.271425,,,,,,f,,question,2,721,"",""
1475,2016-11-19 01:08:55.819064,,,,,,f,,question,1,731,"",""
1476,2016-11-19 01:08:55.897357,,,,,,f,,question,2,745,"",""
1477,2016-11-19 01:08:55.916877,,,,,,f,,question,1,732,"",""
1483,2016-11-19 01:08:56.415395,,,,,,f,,question,1,737,"",""
1484,2016-11-19 01:08:56.521947,,,,,,f,,question,1,738,"",""
1485,2016-11-19 01:08:56.619034,,,,,,f,,question,1,739,"",""
1502,2016-11-19 01:08:58.924856,,,,,,f,,question,1,756,"",""
1503,2016-11-19 01:08:59.024181,,,,,,f,,question,1,757,"",""
1521,2016-11-19 01:09:01.442938,,,,,,f,,question,1,772,"",""
1536,2016-11-19 01:09:03.014958,,,,,,f,,question,1,787,"",""
1577,2016-11-19 01:09:07.426811,,,,,,f,,question,1,828,"",""
1583,2016-11-19 01:09:08.09995,,,,,,f,,question,1,834,"",""
1619,2016-11-19 01:09:11.771958,,,,,,f,,question,1,870,"",""
1620,2016-11-19 01:09:11.870301,,,,,,f,,question,1,871,"",""
1622,2016-11-19 01:09:12.073317,,,,,,f,,question,1,873,"",""
1454,2016-11-19 01:08:54.736355,,,,,,f,,question,2,734,"",""
1459,2016-11-19 01:08:54.967506,,,,,,f,,question,2,736,"",""
1460,2016-11-19 01:08:55.034181,,,,,,f,,question,1,724,"",""
1493,2016-11-19 01:08:57.496704,,,,,,f,,question,1,747,"",""
1494,2016-11-19 01:08:57.603939,,,,,,f,,question,1,748,"",""
1495,2016-11-19 01:08:57.708644,,,,,,f,,question,1,749,"",""
1509,2016-11-19 01:08:59.721877,,,,,,f,,question,2,2,difficulty,4
1533,2016-11-19 01:09:02.708245,,,,,,f,,question,1,784,"",""
1579,2016-11-19 01:09:07.658088,,,,,,f,,question,1,830,"",""
1589,2016-11-19 01:09:08.715814,,,,,,f,,question,1,840,"",""
1598,2016-11-19 01:09:09.628213,,,,,,f,,question,1,849,"",""
1457,2016-11-19 01:08:54.865195,,,,,,f,,question,2,735,"",""
1461,2016-11-19 01:08:55.071346,,,,,,f,,question,2,737,"",""
1471,2016-11-19 01:08:55.592237,,,,,,f,,question,1,729,"",""
1487,2016-11-19 01:08:56.815949,,,,,,f,,question,1,741,"",""
1489,2016-11-19 01:08:57.012958,,,,,,f,,question,1,743,"",""
1508,2016-11-19 01:08:59.711483,,,,,,f,,question,1,761,"",""
1519,2016-11-19 01:09:01.232262,,,,,,f,,question,1,770,"",""
1522,2016-11-19 01:09:01.542718,,,,,,f,,question,1,773,"",""
1560,2016-11-19 01:09:05.58449,,,,,,f,,question,1,811,"",""
1576,2016-11-19 01:09:07.322065,,,,,,f,,question,1,827,"",""
1587,2016-11-19 01:09:08.501995,,,,,,f,,question,1,838,"",""
1588,2016-11-19 01:09:08.609215,,,,,,f,,question,1,839,"",""
